team_id,season,season_type,lineup_id,lineup_player_ids,lineup_players,subunit_size,on_players,on_player_count,minutes,off_rtg,def_rtg,net_rtg,team_wowy_params,opponent_wowy_params,note
1611661319,2025,Regular Season,203833-204319-1628932-1629498-1630389,"203833,204319,1628932,1629498,1630389","Chelsea Gray, Jewell Loyd, A'ja Wilson, Jackie Young, Dana Evans",2,"Chelsea Gray, Jewell Loyd",2,992.0,111.33333333333333,105.1874678993323,6.145865434001024,"{'Season': '2025', 'SeasonType': 'Regular Season', 'TeamId': '1611661319', 'Type': 'Team', '0Exactly2OnFloor': '203833,204319'}","{'Season': '2025', 'SeasonType': 'Regular Season', 'TeamId': '1611661319', 'Type': 'Opponent', '0Exactly2OnFloor': '203833,204319'}",
1611661319,2025,Regular Season,203833-204319-1628932-1629498-1630389,"203833,204319,1628932,1629498,1630389","Chelsea Gray, Jewell Loyd, A'ja Wilson, Jackie Young, Dana Evans",2,"Chelsea Gray, A'ja Wilson",2,1058.0,114.46480231436837,101.6859344894027,12.778867824965673,"{'Season': '2025', 'SeasonType': 'Regular Season', 'TeamId': '1611661319', 'Type': 'Team', '0Exactly2OnFloor': '203833,1628932'}","{'Season': '2025', 'SeasonType': 'Regular Season', 'TeamId': '1611661319', 'Type': 'Opponent', '0Exactly2OnFloor': '203833,1628932'}",
1611661319,2025,Regular Season,203833-204319-1628932-1629498-1630389,"203833,204319,1628932,1629498,1630389","Chelsea Gray, Jewell Loyd, A'ja Wilson, Jackie Young, Dana Evans",2,"Chelsea Gray, Jackie Young",2,1119.0,113.09141019751952,102.0557332115121,11.035676986007417,"{'Season': '2025', 'SeasonType': 'Regular Season', 'TeamId': '1611661319', 'Type': 'Team', '0Exactly2OnFloor': '203833,1629498'}","{'Season': '2025', 'SeasonType': 'Regular Season', 'TeamId': '1611661319', 'Type': 'Opponent', '0Exactly2OnFloor': '203833,1629498'}",
1611661319,2025,Regular Season,203833-204319-1628932-1629498-1630389,"203833,204319,1628932,1629498,1630389","Chelsea Gray, Jewell Loyd, A'ja Wilson, Jackie Young, Dana Evans",2,"Chelsea Gray, Dana Evans",2,398.0,108.63213811420982,109.93464052287581,-1.3025024086659869,"{'Season': '2025', 'SeasonType': 'Regular Season', 'TeamId': '1611661319', 'Type': 'Team', '0Exactly2OnFloor': '203833,1630389'}","{'Season': '2025', 'SeasonType': 'Regular Season', 'TeamId': '1611661319', 'Type': 'Opponent', '0Exactly2OnFloor': '203833,1630389'}",
1611661319,2025,Regular Season,203833-204319-1628932-1629498-1630389,"203833,204319,1628932,1629498,1630389","Chelsea Gray, Jewell Loyd, A'ja Wilson, Jackie Young, Dana Evans",2,"Jewell Loyd, A'ja Wilson",2,879.0,113.80103507763083,102.07015526164463,11.7308798159862,"{'Season': '2025', 'SeasonType': 'Regular Season', 'TeamId': '1611661319', 'Type': 'Team', '0Exactly2OnFloor': '204319,1628932'}","{'Season': '2025', 'SeasonType': 'Regular Season', 'TeamId': '1611661319', 'Type': 'Opponent', '0Exactly2OnFloor': '204319,1628932'}",
1611661319,2025,Regular Season,203833-204319-1628932-1629498-1630389,"203833,204319,1628932,1629498,1630389","Chelsea Gray, Jewell Loyd, A'ja Wilson, Jackie Young, Dana Evans",2,"Jewell Loyd, Jackie Young",2,945.0,111.63166397415186,102.63724434876211,8.994419625389753,"{'Season': '2025', 'SeasonType': 'Regular Season', 'TeamId': '1611661319', 'Type': 'Team', '0Exactly2OnFloor': '204319,1629498'}","{'Season': '2025', 'SeasonType': 'Regular Season', 'TeamId': '1611661319', 'Type': 'Opponent', '0Exactly2OnFloor': '204319,1629498'}",
1611661319,2025,Regular Season,203833-204319-1628932-1629498-1630389,"203833,204319,1628932,1629498,1630389","Chelsea Gray, Jewell Loyd, A'ja Wilson, Jackie Young, Dana Evans",2,"Jewell Loyd, Dana Evans",2,492.0,102.38341968911917,103.00207039337474,-0.6186507042555718,"{'Season': '2025', 'SeasonType': 'Regular Season', 'TeamId': '1611661319', 'Type': 'Team', '0Exactly2OnFloor': '204319,1630389'}","{'Season': '2025', 'SeasonType': 'Regular Season', 'TeamId': '1611661319', 'Type': 'Opponent', '0Exactly2OnFloor': '204319,1630389'}",
1611661319,2025,Regular Season,203833-204319-1628932-1629498-1630389,"203833,204319,1628932,1629498,1630389","Chelsea Gray, Jewell Loyd, A'ja Wilson, Jackie Young, Dana Evans",2,"A'ja Wilson, Jackie Young",2,1113.0,113.74712643678161,100.18348623853211,13.563640198249502,"{'Season': '2025', 'SeasonType': 'Regular Season', 'TeamId': '1611661319', 'Type': 'Team', '0Exactly2OnFloor': '1628932,1629498'}","{'Season': '2025', 'SeasonType': 'Regular Season', 'TeamId': '1611661319', 'Type': 'Opponent', '0Exactly2OnFloor': '1628932,1629498'}",
1611661319,2025,Regular Season,203833-204319-1628932-1629498-1630389,"203833,204319,1628932,1629498,1630389","Chelsea Gray, Jewell Loyd, A'ja Wilson, Jackie Young, Dana Evans",2,"A'ja Wilson, Dana Evans",2,406.0,109.14866581956798,98.50560398505604,10.64306183451194,"{'Season': '2025', 'SeasonType': 'Regular Season', 'TeamId': '1611661319', 'Type': 'Team', '0Exactly2OnFloor': '1628932,1630389'}","{'Season': '2025', 'SeasonType': 'Regular Season', 'TeamId': '1611661319', 'Type': 'Opponent', '0Exactly2OnFloor': '1628932,1630389'}",
1611661319,2025,Regular Season,203833-204319-1628932-1629498-1630389,"203833,204319,1628932,1629498,1630389","Chelsea Gray, Jewell Loyd, A'ja Wilson, Jackie Young, Dana Evans",2,"Jackie Young, Dana Evans",2,398.0,106.1038961038961,101.42671854734111,4.6771775565549945,"{'Season': '2025', 'SeasonType': 'Regular Season', 'TeamId': '1611661319', 'Type': 'Team', '0Exactly2OnFloor': '1629498,1630389'}","{'Season': '2025', 'SeasonType': 'Regular Season', 'TeamId': '1611661319', 'Type': 'Opponent', '0Exactly2OnFloor': '1629498,1630389'}",
1611661319,2025,Regular Season,203833-204319-1628932-1629498-1630389,"203833,204319,1628932,1629498,1630389","Chelsea Gray, Jewell Loyd, A'ja Wilson, Jackie Young, Dana Evans",3,"Chelsea Gray, Jewell Loyd, A'ja Wilson",3,747.0,115.11470985155195,103.18860244233379,11.926107409218162,"{'Season': '2025', 'SeasonType': 'Regular Season', 'TeamId': '1611661319', 'Type': 'Team', '0Exactly3OnFloor': '203833,204319,1628932'}","{'Season': '2025', 'SeasonType': 'Regular Season', 'TeamId': '1611661319', 'Type': 'Opponent', '0Exactly3OnFloor': '203833,204319,1628932'}",
1611661319,2025,Regular Season,203833-204319-1628932-1629498-1630389,"203833,204319,1628932,1629498,1630389","Chelsea Gray, Jewell Loyd, A'ja Wilson, Jackie Young, Dana Evans",3,"Chelsea Gray, Jewell Loyd, Jackie Young",3,808.0,113.59345500314663,102.64150943396227,10.95194556918436,"{'Season': '2025', 'SeasonType': 'Regular Season', 'TeamId': '1611661319', 'Type': 'Team', '0Exactly3OnFloor': '203833,204319,1629498'}","{'Season': '2025', 'SeasonType': 'Regular Season', 'TeamId': '1611661319', 'Type': 'Opponent', '0Exactly3OnFloor': '203833,204319,1629498'}",
1611661319,2025,Regular Season,203833-204319-1628932-1629498-1630389,"203833,204319,1628932,1629498,1630389","Chelsea Gray, Jewell Loyd, A'ja Wilson, Jackie Young, Dana Evans",3,"Chelsea Gray, Jewell Loyd, Dana Evans",3,257.0,106.6,107.41482965931864,-0.8148296593186473,"{'Season': '2025', 'SeasonType': 'Regular Season', 'TeamId': '1611661319', 'Type': 'Team', '0Exactly3OnFloor': '203833,204319,1630389'}","{'Season': '2025', 'SeasonType': 'Regular Season', 'TeamId': '1611661319', 'Type': 'Opponent', '0Exactly3OnFloor': '203833,204319,1630389'}",
1611661319,2025,Regular Season,203833-204319-1628932-1629498-1630389,"203833,204319,1628932,1629498,1630389","Chelsea Gray, Jewell Loyd, A'ja Wilson, Jackie Young, Dana Evans",3,"Chelsea Gray, A'ja Wilson, Jackie Young",3,946.0,115.1219512195122,100.80993520518359,14.312016014328606,"{'Season': '2025', 'SeasonType': 'Regular Season', 'TeamId': '1611661319', 'Type': 'Team', '0Exactly3OnFloor': '203833,1628932,1629498'}","{'Season': '2025', 'SeasonType': 'Regular Season', 'TeamId': '1611661319', 'Type': 'Opponent', '0Exactly3OnFloor': '203833,1628932,1629498'}",
1611661319,2025,Regular Season,203833-204319-1628932-1629498-1630389,"203833,204319,1628932,1629498,1630389","Chelsea Gray, Jewell Loyd, A'ja Wilson, Jackie Young, Dana Evans",3,"Chelsea Gray, A'ja Wilson, Dana Evans",3,223.0,112.47058823529412,102.5,9.970588235294116,"{'Season': '2025', 'SeasonType': 'Regular Season', 'TeamId': '1611661319', 'Type': 'Team', '0Exactly3OnFloor': '203833,1628932,1630389'}","{'Season': '2025', 'SeasonType': 'Regular Season', 'TeamId': '1611661319', 'Type': 'Opponent', '0Exactly3OnFloor': '203833,1628932,1630389'}",
1611661319,2025,Regular Season,203833-204319-1628932-1629498-1630389,"203833,204319,1628932,1629498,1630389","Chelsea Gray, Jewell Loyd, A'ja Wilson, Jackie Young, Dana Evans",3,"Chelsea Gray, Jackie Young, Dana Evans",3,189.0,113.52112676056338,106.28415300546447,7.2369737550989015,"{'Season': '2025', 'SeasonType': 'Regular Season', 'TeamId': '1611661319', 'Type': 'Team', '0Exactly3OnFloor': '203833,1629498,1630389'}","{'Season': '2025', 'SeasonType': 'Regular Season', 'TeamId': '1611661319', 'Type': 'Opponent', '0Exactly3OnFloor': '203833,1629498,1630389'}",
1611661319,2025,Regular Season,203833-204319-1628932-1629498-1630389,"203833,204319,1628932,1629498,1630389","Chelsea Gray, Jewell Loyd, A'ja Wilson, Jackie Young, Dana Evans",3,"Jewell Loyd, A'ja Wilson, Jackie Young",3,782.0,115.34460338101431,101.49350649350649,13.851096887507822,"{'Season': '2025', 'SeasonType': 'Regular Season', 'TeamId': '1611661319', 'Type': 'Team', '0Exactly3OnFloor': '204319,1628932,1629498'}","{'Season': '2025', 'SeasonType': 'Regular Season', 'TeamId': '1611661319', 'Type': 'Opponent', '0Exactly3OnFloor': '204319,1628932,1629498'}",
1611661319,2025,Regular Season,203833-204319-1628932-1629498-1630389,"203833,204319,1628932,1629498,1630389","Chelsea Gray, Jewell Loyd, A'ja Wilson, Jackie Young, Dana Evans",3,"Jewell Loyd, A'ja Wilson, Dana Evans",3,265.0,109.4412331406551,99.81203007518798,9.629203065467124,"{'Season': '2025', 'SeasonType': 'Regular Season', 'TeamId': '1611661319', 'Type': 'Team', '0Exactly3OnFloor': '204319,1628932,1630389'}","{'Season': '2025', 'SeasonType': 'Regular Season', 'TeamId': '1611661319', 'Type': 'Opponent', '0Exactly3OnFloor': '204319,1628932,1630389'}",
1611661319,2025,Regular Season,203833-204319-1628932-1629498-1630389,"203833,204319,1628932,1629498,1630389","Chelsea Gray, Jewell Loyd, A'ja Wilson, Jackie Young, Dana Evans",3,"Jewell Loyd, Jackie Young, Dana Evans",3,242.0,106.97674418604652,101.89873417721519,5.078010008831328,"{'Season': '2025', 'SeasonType': 'Regular Season', 'TeamId': '1611661319', 'Type': 'Team', '0Exactly3OnFloor': '204319,1629498,1630389'}","{'Season': '2025', 'SeasonType': 'Regular Season', 'TeamId': '1611661319', 'Type': 'Opponent', '0Exactly3OnFloor': '204319,1629498,1630389'}",
1611661319,2025,Regular Season,203833-204319-1628932-1629498-1630389,"203833,204319,1628932,1629498,1630389","Chelsea Gray, Jewell Loyd, A'ja Wilson, Jackie Young, Dana Evans",3,"A'ja Wilson, Jackie Young, Dana Evans",3,294.0,111.83745583038869,99.47916666666667,12.35828916372202,"{'Season': '2025', 'SeasonType': 'Regular Season', 'TeamId': '1611661319', 'Type': 'Team', '0Exactly3OnFloor': '1628932,1629498,1630389'}","{'Season': '2025', 'SeasonType': 'Regular Season', 'TeamId': '1611661319', 'Type': 'Opponent', '0Exactly3OnFloor': '1628932,1629498,1630389'}",
1611661319,2025,Regular Season,203833-204319-1628932-1629498-1630389,"203833,204319,1628932,1629498,1630389","Chelsea Gray, Jewell Loyd, A'ja Wilson, Jackie Young, Dana Evans",4,"Chelsea Gray, Jewell Loyd, A'ja Wilson, Jackie Young",4,670.0,116.36363636363636,101.67046317388004,14.693173189756322,"{'Season': '2025', 'SeasonType': 'Regular Season', 'TeamId': '1611661319', 'Type': 'Team', '0Exactly4OnFloor': '203833,204319,1628932,1629498'}","{'Season': '2025', 'SeasonType': 'Regular Season', 'TeamId': '1611661319', 'Type': 'Opponent', '0Exactly4OnFloor': '203833,204319,1628932,1629498'}",
1611661319,2025,Regular Season,203833-204319-1628932-1629498-1630389,"203833,204319,1628932,1629498,1630389","Chelsea Gray, Jewell Loyd, A'ja Wilson, Jackie Young, Dana Evans",4,"Chelsea Gray, Jewell Loyd, A'ja Wilson, Dana Evans",4,142.0,109.38628158844766,104.24028268551237,5.14599890293529,"{'Season': '2025', 'SeasonType': 'Regular Season', 'TeamId': '1611661319', 'Type': 'Team', '0Exactly4OnFloor': '203833,204319,1628932,1630389'}","{'Season': '2025', 'SeasonType': 'Regular Season', 'TeamId': '1611661319', 'Type': 'Opponent', '0Exactly4OnFloor': '203833,204319,1628932,1630389'}",
1611661319,2025,Regular Season,203833-204319-1628932-1629498-1630389,"203833,204319,1628932,1629498,1630389","Chelsea Gray, Jewell Loyd, A'ja Wilson, Jackie Young, Dana Evans",4,"Chelsea Gray, Jewell Loyd, Jackie Young, Dana Evans",4,112.0,111.81818181818181,101.8018018018018,10.016380016380012,"{'Season': '2025', 'SeasonType': 'Regular Season', 'TeamId': '1611661319', 'Type': 'Team', '0Exactly4OnFloor': '203833,204319,1629498,1630389'}","{'Season': '2025', 'SeasonType': 'Regular Season', 'TeamId': '1611661319', 'Type': 'Opponent', '0Exactly4OnFloor': '203833,204319,1629498,1630389'}",
1611661319,2025,Regular Season,203833-204319-1628932-1629498-1630389,"203833,204319,1628932,1629498,1630389","Chelsea Gray, Jewell Loyd, A'ja Wilson, Jackie Young, Dana Evans",4,"Chelsea Gray, A'ja Wilson, Jackie Young, Dana Evans",4,136.0,115.0197628458498,103.7593984962406,11.26036434960919,"{'Season': '2025', 'SeasonType': 'Regular Season', 'TeamId': '1611661319', 'Type': 'Team', '0Exactly4OnFloor': '203833,1628932,1629498,1630389'}","{'Season': '2025', 'SeasonType': 'Regular Season', 'TeamId': '1611661319', 'Type': 'Opponent', '0Exactly4OnFloor': '203833,1628932,1629498,1630389'}",
1611661319,2025,Regular Season,203833-204319-1628932-1629498-1630389,"203833,204319,1628932,1629498,1630389","Chelsea Gray, Jewell Loyd, A'ja Wilson, Jackie Young, Dana Evans",4,"Jewell Loyd, A'ja Wilson, Jackie Young, Dana Evans",4,189.0,112.6027397260274,100.26666666666667,12.336073059360729,"{'Season': '2025', 'SeasonType': 'Regular Season', 'TeamId': '1611661319', 'Type': 'Team', '0Exactly4OnFloor': '204319,1628932,1629498,1630389'}","{'Season': '2025', 'SeasonType': 'Regular Season', 'TeamId': '1611661319', 'Type': 'Opponent', '0Exactly4OnFloor': '204319,1628932,1629498,1630389'}",
1611661319,2025,Regular Season,203833-1628932-1629498-1630389-1631006,"203833,1628932,1629498,1630389,1631006","Chelsea Gray, A'ja Wilson, Jackie Young, Dana Evans, Kierstan Bell",2,"Chelsea Gray, A'ja Wilson",2,1058.0,114.46480231436837,101.6859344894027,12.778867824965673,"{'Season': '2025', 'SeasonType': 'Regular Season', 'TeamId': '1611661319', 'Type': 'Team', '0Exactly2OnFloor': '203833,1628932'}","{'Season': '2025', 'SeasonType': 'Regular Season', 'TeamId': '1611661319', 'Type': 'Opponent', '0Exactly2OnFloor': '203833,1628932'}",
1611661319,2025,Regular Season,203833-1628932-1629498-1630389-1631006,"203833,1628932,1629498,1630389,1631006","Chelsea Gray, A'ja Wilson, Jackie Young, Dana Evans, Kierstan Bell",2,"Chelsea Gray, Jackie Young",2,1119.0,113.09141019751952,102.0557332115121,11.035676986007417,"{'Season': '2025', 'SeasonType': 'Regular Season', 'TeamId': '1611661319', 'Type': 'Team', '0Exactly2OnFloor': '203833,1629498'}","{'Season': '2025', 'SeasonType': 'Regular Season', 'TeamId': '1611661319', 'Type': 'Opponent', '0Exactly2OnFloor': '203833,1629498'}",
1611661319,2025,Regular Season,203833-1628932-1629498-1630389-1631006,"203833,1628932,1629498,1630389,1631006","Chelsea Gray, A'ja Wilson, Jackie Young, Dana Evans, Kierstan Bell",2,"Chelsea Gray, Dana Evans",2,398.0,108.63213811420982,109.93464052287581,-1.3025024086659869,"{'Season': '2025', 'SeasonType': 'Regular Season', 'TeamId': '1611661319', 'Type': 'Team', '0Exactly2OnFloor': '203833,1630389'}","{'Season': '2025', 'SeasonType': 'Regular Season', 'TeamId': '1611661319', 'Type': 'Opponent', '0Exactly2OnFloor': '203833,1630389'}",
1611661319,2025,Regular Season,203833-1628932-1629498-1630389-1631006,"203833,1628932,1629498,1630389,1631006","Chelsea Gray, A'ja Wilson, Jackie Young, Dana Evans, Kierstan Bell",2,"Chelsea Gray, Kierstan Bell",2,285.0,108.85608856088561,97.26277372262774,11.593314838257868,"{'Season': '2025', 'SeasonType': 'Regular Season', 'TeamId': '1611661319', 'Type': 'Team', '0Exactly2OnFloor': '203833,1631006'}","{'Season': '2025', 'SeasonType': 'Regular Season', 'TeamId': '1611661319', 'Type': 'Opponent', '0Exactly2OnFloor': '203833,1631006'}",
1611661319,2025,Regular Season,203833-1628932-1629498-1630389-1631006,"203833,1628932,1629498,1630389,1631006","Chelsea Gray, A'ja Wilson, Jackie Young, Dana Evans, Kierstan Bell",2,"A'ja Wilson, Jackie Young",2,1113.0,113.74712643678161,100.18348623853211,13.563640198249502,"{'Season': '2025', 'SeasonType': 'Regular Season', 'TeamId': '1611661319', 'Type': 'Team', '0Exactly2OnFloor': '1628932,1629498'}","{'Season': '2025', 'SeasonType': 'Regular Season', 'TeamId': '1611661319', 'Type': 'Opponent', '0Exactly2OnFloor': '1628932,1629498'}",
1611661319,2025,Regular Season,203833-1628932-1629498-1630389-1631006,"203833,1628932,1629498,1630389,1631006","Chelsea Gray, A'ja Wilson, Jackie Young, Dana Evans, Kierstan Bell",2,"A'ja Wilson, Dana Evans",2,406.0,109.14866581956798,98.50560398505604,10.64306183451194,"{'Season': '2025', 'SeasonType': 'Regular Season', 'TeamId': '1611661319', 'Type': 'Team', '0Exactly2OnFloor': '1628932,1630389'}","{'Season': '2025', 'SeasonType': 'Regular Season', 'TeamId': '1611661319', 'Type': 'Opponent', '0Exactly2OnFloor': '1628932,1630389'}",
1611661319,2025,Regular Season,203833-1628932-1629498-1630389-1631006,"203833,1628932,1629498,1630389,1631006","Chelsea Gray, A'ja Wilson, Jackie Young, Dana Evans, Kierstan Bell",2,"A'ja Wilson, Kierstan Bell",2,253.0,110.52631578947368,94.3089430894309,16.217372700042787,"{'Season': '2025', 'SeasonType': 'Regular Season', 'TeamId': '1611661319', 'Type': 'Team', '0Exactly2OnFloor': '1628932,1631006'}","{'Season': '2025', 'SeasonType': 'Regular Season', 'TeamId': '1611661319', 'Type': 'Opponent', '0Exactly2OnFloor': '1628932,1631006'}",
1611661319,2025,Regular Season,203833-1628932-1629498-1630389-1631006,"203833,1628932,1629498,1630389,1631006","Chelsea Gray, A'ja Wilson, Jackie Young, Dana Evans, Kierstan Bell",2,"Jackie Young, Dana Evans",2,398.0,106.1038961038961,101.42671854734111,4.6771775565549945,"{'Season': '2025', 'SeasonType': 'Regular Season', 'TeamId': '1611661319', 'Type': 'Team', '0Exactly2OnFloor': '1629498,1630389'}","{'Season': '2025', 'SeasonType': 'Regular Season', 'TeamId': '1611661319', 'Type': 'Opponent', '0Exactly2OnFloor': '1629498,1630389'}",
1611661319,2025,Regular Season,203833-1628932-1629498-1630389-1631006,"203833,1628932,1629498,1630389,1631006","Chelsea Gray, A'ja Wilson, Jackie Young, Dana Evans, Kierstan Bell",2,"Jackie Young, Kierstan Bell",2,292.0,104.60176991150442,94.86725663716814,9.73451327433628,"{'Season': '2025', 'SeasonType': 'Regular Season', 'TeamId': '1611661319', 'Type': 'Team', '0Exactly2OnFloor': '1629498,1631006'}","{'Season': '2025', 'SeasonType': 'Regular Season', 'TeamId': '1611661319', 'Type': 'Opponent', '0Exactly2OnFloor': '1629498,1631006'}",
1611661319,2025,Regular Season,203833-1628932-1629498-1630389-1631006,"203833,1628932,1629498,1630389,1631006","Chelsea Gray, A'ja Wilson, Jackie Young, Dana Evans, Kierstan Bell",2,"Dana Evans, Kierstan Bell",2,180.0,90.9090909090909,93.02325581395348,-2.1141649048625766,"{'Season': '2025', 'SeasonType': 'Regular Season', 'TeamId': '1611661319', 'Type': 'Team', '0Exactly2OnFloor': '1630389,1631006'}","{'Season': '2025', 'SeasonType': 'Regular Season', 'TeamId': '1611661319', 'Type': 'Opponent', '0Exactly2OnFloor': '1630389,1631006'}",
1611661319,2025,Regular Season,203833-1628932-1629498-1630389-1631006,"203833,1628932,1629498,1630389,1631006","Chelsea Gray, A'ja Wilson, Jackie Young, Dana Evans, Kierstan Bell",3,"Chelsea Gray, A'ja Wilson, Jackie Young",3,946.0,115.1219512195122,100.80993520518359,14.312016014328606,"{'Season': '2025', 'SeasonType': 'Regular Season', 'TeamId': '1611661319', 'Type': 'Team', '0Exactly3OnFloor': '203833,1628932,1629498'}","{'Season': '2025', 'SeasonType': 'Regular Season', 'TeamId': '1611661319', 'Type': 'Opponent', '0Exactly3OnFloor': '203833,1628932,1629498'}",
1611661319,2025,Regular Season,203833-1628932-1629498-1630389-1631006,"203833,1628932,1629498,1630389,1631006","Chelsea Gray, A'ja Wilson, Jackie Young, Dana Evans, Kierstan Bell",3,"Chelsea Gray, A'ja Wilson, Dana Evans",3,223.0,112.47058823529412,102.5,9.970588235294116,"{'Season': '2025', 'SeasonType': 'Regular Season', 'TeamId': '1611661319', 'Type': 'Team', '0Exactly3OnFloor': '203833,1628932,1630389'}","{'Season': '2025', 'SeasonType': 'Regular Season', 'TeamId': '1611661319', 'Type': 'Opponent', '0Exactly3OnFloor': '203833,1628932,1630389'}",
1611661319,2025,Regular Season,203833-1628932-1629498-1630389-1631006,"203833,1628932,1629498,1630389,1631006","Chelsea Gray, A'ja Wilson, Jackie Young, Dana Evans, Kierstan Bell",3,"Chelsea Gray, A'ja Wilson, Kierstan Bell",3,210.0,113.93034825870647,97.77777777777777,16.152570480928702,"{'Season': '2025', 'SeasonType': 'Regular Season', 'TeamId': '1611661319', 'Type': 'Team', '0Exactly3OnFloor': '203833,1628932,1631006'}","{'Season': '2025', 'SeasonType': 'Regular Season', 'TeamId': '1611661319', 'Type': 'Opponent', '0Exactly3OnFloor': '203833,1628932,1631006'}",
1611661319,2025,Regular Season,203833-1628932-1629498-1630389-1631006,"203833,1628932,1629498,1630389,1631006","Chelsea Gray, A'ja Wilson, Jackie Young, Dana Evans, Kierstan Bell",3,"Chelsea Gray, Jackie Young, Dana Evans",3,189.0,113.52112676056338,106.28415300546447,7.2369737550989015,"{'Season': '2025', 'SeasonType': 'Regular Season', 'TeamId': '1611661319', 'Type': 'Team', '0Exactly3OnFloor': '203833,1629498,1630389'}","{'Season': '2025', 'SeasonType': 'Regular Season', 'TeamId': '1611661319', 'Type': 'Opponent', '0Exactly3OnFloor': '203833,1629498,1630389'}",
1611661319,2025,Regular Season,203833-1628932-1629498-1630389-1631006,"203833,1628932,1629498,1630389,1631006","Chelsea Gray, A'ja Wilson, Jackie Young, Dana Evans, Kierstan Bell",3,"Chelsea Gray, Jackie Young, Kierstan Bell",3,237.0,107.12694877505568,97.59299781181619,9.53395096323949,"{'Season': '2025', 'SeasonType': 'Regular Season', 'TeamId': '1611661319', 'Type': 'Team', '0Exactly3OnFloor': '203833,1629498,1631006'}","{'Season': '2025', 'SeasonType': 'Regular Season', 'TeamId': '1611661319', 'Type': 'Opponent', '0Exactly3OnFloor': '203833,1629498,1631006'}",
1611661319,2025,Regular Season,203833-1628932-1629498-1630389-1631006,"203833,1628932,1629498,1630389,1631006","Chelsea Gray, A'ja Wilson, Jackie Young, Dana Evans, Kierstan Bell",3,"Chelsea Gray, Dana Evans, Kierstan Bell",3,44.0,118.07228915662651,83.33333333333333,34.73895582329318,"{'Season': '2025', 'SeasonType': 'Regular Season', 'TeamId': '1611661319', 'Type': 'Team', '0Exactly3OnFloor': '203833,1630389,1631006'}","{'Season': '2025', 'SeasonType': 'Regular Season', 'TeamId': '1611661319', 'Type': 'Opponent', '0Exactly3OnFloor': '203833,1630389,1631006'}",
1611661319,2025,Regular Season,203833-1628932-1629498-1630389-1631006,"203833,1628932,1629498,1630389,1631006","Chelsea Gray, A'ja Wilson, Jackie Young, Dana Evans, Kierstan Bell",3,"A'ja Wilson, Jackie Young, Dana Evans",3,294.0,111.83745583038869,99.47916666666667,12.35828916372202,"{'Season': '2025', 'SeasonType': 'Regular Season', 'TeamId': '1611661319', 'Type': 'Team', '0Exactly3OnFloor': '1628932,1629498,1630389'}","{'Season': '2025', 'SeasonType': 'Regular Season', 'TeamId': '1611661319', 'Type': 'Opponent', '0Exactly3OnFloor': '1628932,1629498,1630389'}",
1611661319,2025,Regular Season,203833-1628932-1629498-1630389-1631006,"203833,1628932,1629498,1630389,1631006","Chelsea Gray, A'ja Wilson, Jackie Young, Dana Evans, Kierstan Bell",3,"A'ja Wilson, Jackie Young, Kierstan Bell",3,236.0,111.86813186813187,94.72527472527473,17.14285714285714,"{'Season': '2025', 'SeasonType': 'Regular Season', 'TeamId': '1611661319', 'Type': 'Team', '0Exactly3OnFloor': '1628932,1629498,1631006'}","{'Season': '2025', 'SeasonType': 'Regular Season', 'TeamId': '1611661319', 'Type': 'Opponent', '0Exactly3OnFloor': '1628932,1629498,1631006'}",
1611661319,2025,Regular Season,203833-1628932-1629498-1630389-1631006,"203833,1628932,1629498,1630389,1631006","Chelsea Gray, A'ja Wilson, Jackie Young, Dana Evans, Kierstan Bell",3,"A'ja Wilson, Dana Evans, Kierstan Bell",3,50.0,102.85714285714286,71.2871287128713,31.570014144271568,"{'Season': '2025', 'SeasonType': 'Regular Season', 'TeamId': '1611661319', 'Type': 'Team', '0Exactly3OnFloor': '1628932,1630389,1631006'}","{'Season': '2025', 'SeasonType': 'Regular Season', 'TeamId': '1611661319', 'Type': 'Opponent', '0Exactly3OnFloor': '1628932,1630389,1631006'}",
1611661319,2025,Regular Season,203833-1628932-1629498-1630389-1631006,"203833,1628932,1629498,1630389,1631006","Chelsea Gray, A'ja Wilson, Jackie Young, Dana Evans, Kierstan Bell",3,"Jackie Young, Dana Evans, Kierstan Bell",3,62.0,100.0,80.0,20.0,"{'Season': '2025', 'SeasonType': 'Regular Season', 'TeamId': '1611661319', 'Type': 'Team', '0Exactly3OnFloor': '1629498,1630389,1631006'}","{'Season': '2025', 'SeasonType': 'Regular Season', 'TeamId': '1611661319', 'Type': 'Opponent', '0Exactly3OnFloor': '1629498,1630389,1631006'}",
1611661319,2025,Regular Season,203833-1628932-1629498-1630389-1631006,"203833,1628932,1629498,1630389,1631006","Chelsea Gray, A'ja Wilson, Jackie Young, Dana Evans, Kierstan Bell",4,"Chelsea Gray, A'ja Wilson, Jackie Young, Dana Evans",4,136.0,115.0197628458498,103.7593984962406,11.26036434960919,"{'Season': '2025', 'SeasonType': 'Regular Season', 'TeamId': '1611661319', 'Type': 'Team', '0Exactly4OnFloor': '203833,1628932,1629498,1630389'}","{'Season': '2025', 'SeasonType': 'Regular Season', 'TeamId': '1611661319', 'Type': 'Opponent', '0Exactly4OnFloor': '203833,1628932,1629498,1630389'}",
1611661319,2025,Regular Season,203833-1628932-1629498-1630389-1631006,"203833,1628932,1629498,1630389,1631006","Chelsea Gray, A'ja Wilson, Jackie Young, Dana Evans, Kierstan Bell",4,"Chelsea Gray, A'ja Wilson, Jackie Young, Kierstan Bell",4,198.0,113.63636363636364,99.73614775725594,13.900215879107705,"{'Season': '2025', 'SeasonType': 'Regular Season', 'TeamId': '1611661319', 'Type': 'Team', '0Exactly4OnFloor': '203833,1628932,1629498,1631006'}","{'Season': '2025', 'SeasonType': 'Regular Season', 'TeamId': '1611661319', 'Type': 'Opponent', '0Exactly4OnFloor': '203833,1628932,1629498,1631006'}",
1611661319,2025,Regular Season,203833-1628932-1629498-1630389-1631006,"203833,1628932,1629498,1630389,1631006","Chelsea Gray, A'ja Wilson, Jackie Young, Dana Evans, Kierstan Bell",4,"Chelsea Gray, A'ja Wilson, Dana Evans, Kierstan Bell",4,10.0,105.26315789473684,47.61904761904762,57.644110275689215,"{'Season': '2025', 'SeasonType': 'Regular Season', 'TeamId': '1611661319', 'Type': 'Team', '0Exactly4OnFloor': '203833,1628932,1630389,1631006'}","{'Season': '2025', 'SeasonType': 'Regular Season', 'TeamId': '1611661319', 'Type': 'Opponent', '0Exactly4OnFloor': '203833,1628932,1630389,1631006'}",
1611661319,2025,Regular Season,203833-1628932-1629498-1630389-1631006,"203833,1628932,1629498,1630389,1631006","Chelsea Gray, A'ja Wilson, Jackie Young, Dana Evans, Kierstan Bell",4,"Chelsea Gray, Jackie Young, Dana Evans, Kierstan Bell",4,9.0,100.0,63.1578947368421,36.8421052631579,"{'Season': '2025', 'SeasonType': 'Regular Season', 'TeamId': '1611661319', 'Type': 'Team', '0Exactly4OnFloor': '203833,1629498,1630389,1631006'}","{'Season': '2025', 'SeasonType': 'Regular Season', 'TeamId': '1611661319', 'Type': 'Opponent', '0Exactly4OnFloor': '203833,1629498,1630389,1631006'}",
1611661319,2025,Regular Season,203833-1628932-1629498-1630389-1631006,"203833,1628932,1629498,1630389,1631006","Chelsea Gray, A'ja Wilson, Jackie Young, Dana Evans, Kierstan Bell",4,"A'ja Wilson, Jackie Young, Dana Evans, Kierstan Bell",4,39.0,109.63855421686748,67.94871794871794,41.689836268149534,"{'Season': '2025', 'SeasonType': 'Regular Season', 'TeamId': '1611661319', 'Type': 'Team', '0Exactly4OnFloor': '1628932,1629498,1630389,1631006'}","{'Season': '2025', 'SeasonType': 'Regular Season', 'TeamId': '1611661319', 'Type': 'Opponent', '0Exactly4OnFloor': '1628932,1629498,1630389,1631006'}",
1611661319,2025,Regular Season,203833-1628932-1629498-1630389-1631019,"203833,1628932,1629498,1630389,1631019","Chelsea Gray, A'ja Wilson, Jackie Young, Dana Evans, NaLyssa Smith",2,"Chelsea Gray, A'ja Wilson",2,1058.0,114.46480231436837,101.6859344894027,12.778867824965673,"{'Season': '2025', 'SeasonType': 'Regular Season', 'TeamId': '1611661319', 'Type': 'Team', '0Exactly2OnFloor': '203833,1628932'}","{'Season': '2025', 'SeasonType': 'Regular Season', 'TeamId': '1611661319', 'Type': 'Opponent', '0Exactly2OnFloor': '203833,1628932'}",
1611661319,2025,Regular Season,203833-1628932-1629498-1630389-1631019,"203833,1628932,1629498,1630389,1631019","Chelsea Gray, A'ja Wilson, Jackie Young, Dana Evans, NaLyssa Smith",2,"Chelsea Gray, Jackie Young",2,1119.0,113.09141019751952,102.0557332115121,11.035676986007417,"{'Season': '2025', 'SeasonType': 'Regular Season', 'TeamId': '1611661319', 'Type': 'Team', '0Exactly2OnFloor': '203833,1629498'}","{'Season': '2025', 'SeasonType': 'Regular Season', 'TeamId': '1611661319', 'Type': 'Opponent', '0Exactly2OnFloor': '203833,1629498'}",
1611661319,2025,Regular Season,203833-1628932-1629498-1630389-1631019,"203833,1628932,1629498,1630389,1631019","Chelsea Gray, A'ja Wilson, Jackie Young, Dana Evans, NaLyssa Smith",2,"Chelsea Gray, Dana Evans",2,398.0,108.63213811420982,109.93464052287581,-1.3025024086659869,"{'Season': '2025', 'SeasonType': 'Regular Season', 'TeamId': '1611661319', 'Type': 'Team', '0Exactly2OnFloor': '203833,1630389'}","{'Season': '2025', 'SeasonType': 'Regular Season', 'TeamId': '1611661319', 'Type': 'Opponent', '0Exactly2OnFloor': '203833,1630389'}",
1611661319,2025,Regular Season,203833-1628932-1629498-1630389-1631019,"203833,1628932,1629498,1630389,1631019","Chelsea Gray, A'ja Wilson, Jackie Young, Dana Evans, NaLyssa Smith",2,"Chelsea Gray, NaLyssa Smith",2,524.0,113.160518444666,104.72361809045226,8.436900354213734,"{'Season': '2025', 'SeasonType': 'Regular Season', 'TeamId': '1611661319', 'Type': 'Team', '0Exactly2OnFloor': '203833,1631019'}","{'Season': '2025', 'SeasonType': 'Regular Season', 'TeamId': '1611661319', 'Type': 'Opponent', '0Exactly2OnFloor': '203833,1631019'}",
1611661319,2025,Regular Season,203833-1628932-1629498-1630389-1631019,"203833,1628932,1629498,1630389,1631019","Chelsea Gray, A'ja Wilson, Jackie Young, Dana Evans, NaLyssa Smith",2,"A'ja Wilson, Jackie Young",2,1113.0,113.74712643678161,100.18348623853211,13.563640198249502,"{'Season': '2025', 'SeasonType': 'Regular Season', 'TeamId': '1611661319', 'Type': 'Team', '0Exactly2OnFloor': '1628932,1629498'}","{'Season': '2025', 'SeasonType': 'Regular Season', 'TeamId': '1611661319', 'Type': 'Opponent', '0Exactly2OnFloor': '1628932,1629498'}",
1611661319,2025,Regular Season,203833-1628932-1629498-1630389-1631019,"203833,1628932,1629498,1630389,1631019","Chelsea Gray, A'ja Wilson, Jackie Young, Dana Evans, NaLyssa Smith",2,"A'ja Wilson, Dana Evans",2,406.0,109.14866581956798,98.50560398505604,10.64306183451194,"{'Season': '2025', 'SeasonType': 'Regular Season', 'TeamId': '1611661319', 'Type': 'Team', '0Exactly2OnFloor': '1628932,1630389'}","{'Season': '2025', 'SeasonType': 'Regular Season', 'TeamId': '1611661319', 'Type': 'Opponent', '0Exactly2OnFloor': '1628932,1630389'}",
1611661319,2025,Regular Season,203833-1628932-1629498-1630389-1631019,"203833,1628932,1629498,1630389,1631019","Chelsea Gray, A'ja Wilson, Jackie Young, Dana Evans, NaLyssa Smith",2,"A'ja Wilson, NaLyssa Smith",2,496.0,114.18067226890756,101.48148148148148,12.699190787426076,"{'Season': '2025', 'SeasonType': 'Regular Season', 'TeamId': '1611661319', 'Type': 'Team', '0Exactly2OnFloor': '1628932,1631019'}","{'Season': '2025', 'SeasonType': 'Regular Season', 'TeamId': '1611661319', 'Type': 'Opponent', '0Exactly2OnFloor': '1628932,1631019'}",
1611661319,2025,Regular Season,203833-1628932-1629498-1630389-1631019,"203833,1628932,1629498,1630389,1631019","Chelsea Gray, A'ja Wilson, Jackie Young, Dana Evans, NaLyssa Smith",2,"Jackie Young, Dana Evans",2,398.0,106.1038961038961,101.42671854734111,4.6771775565549945,"{'Season': '2025', 'SeasonType': 'Regular Season', 'TeamId': '1611661319', 'Type': 'Team', '0Exactly2OnFloor': '1629498,1630389'}","{'Season': '2025', 'SeasonType': 'Regular Season', 'TeamId': '1611661319', 'Type': 'Opponent', '0Exactly2OnFloor': '1629498,1630389'}",
1611661319,2025,Regular Season,203833-1628932-1629498-1630389-1631019,"203833,1628932,1629498,1630389,1631019","Chelsea Gray, A'ja Wilson, Jackie Young, Dana Evans, NaLyssa Smith",2,"Jackie Young, NaLyssa Smith",2,512.0,113.0879345603272,102.14943705220061,10.938497508126588,"{'Season': '2025', 'SeasonType': 'Regular Season', 'TeamId': '1611661319', 'Type': 'Team', '0Exactly2OnFloor': '1629498,1631019'}","{'Season': '2025', 'SeasonType': 'Regular Season', 'TeamId': '1611661319', 'Type': 'Opponent', '0Exactly2OnFloor': '1629498,1631019'}",
1611661319,2025,Regular Season,203833-1628932-1629498-1630389-1631019,"203833,1628932,1629498,1630389,1631019","Chelsea Gray, A'ja Wilson, Jackie Young, Dana Evans, NaLyssa Smith",2,"Dana Evans, NaLyssa Smith",2,153.0,112.41134751773049,96.42857142857143,15.98277608915906,"{'Season': '2025', 'SeasonType': 'Regular Season', 'TeamId': '1611661319', 'Type': 'Team', '0Exactly2OnFloor': '1630389,1631019'}","{'Season': '2025', 'SeasonType': 'Regular Season', 'TeamId': '1611661319', 'Type': 'Opponent', '0Exactly2OnFloor': '1630389,1631019'}",
1611661319,2025,Regular Season,203833-1628932-1629498-1630389-1631019,"203833,1628932,1629498,1630389,1631019","Chelsea Gray, A'ja Wilson, Jackie Young, Dana Evans, NaLyssa Smith",3,"Chelsea Gray, A'ja Wilson, Jackie Young",3,946.0,115.1219512195122,100.80993520518359,14.312016014328606,"{'Season': '2025', 'SeasonType': 'Regular Season', 'TeamId': '1611661319', 'Type': 'Team', '0Exactly3OnFloor': '203833,1628932,1629498'}","{'Season': '2025', 'SeasonType': 'Regular Season', 'TeamId': '1611661319', 'Type': 'Opponent', '0Exactly3OnFloor': '203833,1628932,1629498'}",
1611661319,2025,Regular Season,203833-1628932-1629498-1630389-1631019,"203833,1628932,1629498,1630389,1631019","Chelsea Gray, A'ja Wilson, Jackie Young, Dana Evans, NaLyssa Smith",3,"Chelsea Gray, A'ja Wilson, Dana Evans",3,223.0,112.47058823529412,102.5,9.970588235294116,"{'Season': '2025', 'SeasonType': 'Regular Season', 'TeamId': '1611661319', 'Type': 'Team', '0Exactly3OnFloor': '203833,1628932,1630389'}","{'Season': '2025', 'SeasonType': 'Regular Season', 'TeamId': '1611661319', 'Type': 'Opponent', '0Exactly3OnFloor': '203833,1628932,1630389'}",
1611661319,2025,Regular Season,203833-1628932-1629498-1630389-1631019,"203833,1628932,1629498,1630389,1631019","Chelsea Gray, A'ja Wilson, Jackie Young, Dana Evans, NaLyssa Smith",3,"Chelsea Gray, A'ja Wilson, NaLyssa Smith",3,449.0,114.38515081206496,102.46478873239437,11.920362079670596,"{'Season': '2025', 'SeasonType': 'Regular Season', 'TeamId': '1611661319', 'Type': 'Team', '0Exactly3OnFloor': '203833,1628932,1631019'}","{'Season': '2025', 'SeasonType': 'Regular Season', 'TeamId': '1611661319', 'Type': 'Opponent', '0Exactly3OnFloor': '203833,1628932,1631019'}",
1611661319,2025,Regular Season,203833-1628932-1629498-1630389-1631019,"203833,1628932,1629498,1630389,1631019","Chelsea Gray, A'ja Wilson, Jackie Young, Dana Evans, NaLyssa Smith",3,"Chelsea Gray, Jackie Young, Dana Evans",3,189.0,113.52112676056338,106.28415300546447,7.2369737550989015,"{'Season': '2025', 'SeasonType': 'Regular Season', 'TeamId': '1611661319', 'Type': 'Team', '0Exactly3OnFloor': '203833,1629498,1630389'}","{'Season': '2025', 'SeasonType': 'Regular Season', 'TeamId': '1611661319', 'Type': 'Opponent', '0Exactly3OnFloor': '203833,1629498,1630389'}",
1611661319,2025,Regular Season,203833-1628932-1629498-1630389-1631019,"203833,1628932,1629498,1630389,1631019","Chelsea Gray, A'ja Wilson, Jackie Young, Dana Evans, NaLyssa Smith",3,"Chelsea Gray, Jackie Young, NaLyssa Smith",3,468.0,113.74301675977654,103.02351623740202,10.719500522374517,"{'Season': '2025', 'SeasonType': 'Regular Season', 'TeamId': '1611661319', 'Type': 'Team', '0Exactly3OnFloor': '203833,1629498,1631019'}","{'Season': '2025', 'SeasonType': 'Regular Season', 'TeamId': '1611661319', 'Type': 'Opponent', '0Exactly3OnFloor': '203833,1629498,1631019'}",
1611661319,2025,Regular Season,203833-1628932-1629498-1630389-1631019,"203833,1628932,1629498,1630389,1631019","Chelsea Gray, A'ja Wilson, Jackie Young, Dana Evans, NaLyssa Smith",3,"Chelsea Gray, Dana Evans, NaLyssa Smith",3,76.0,125.3623188405797,114.07407407407408,11.288244766505628,"{'Season': '2025', 'SeasonType': 'Regular Season', 'TeamId': '1611661319', 'Type': 'Team', '0Exactly3OnFloor': '203833,1630389,1631019'}","{'Season': '2025', 'SeasonType': 'Regular Season', 'TeamId': '1611661319', 'Type': 'Opponent', '0Exactly3OnFloor': '203833,1630389,1631019'}",
1611661319,2025,Regular Season,203833-1628932-1629498-1630389-1631019,"203833,1628932,1629498,1630389,1631019","Chelsea Gray, A'ja Wilson, Jackie Young, Dana Evans, NaLyssa Smith",3,"A'ja Wilson, Jackie Young, Dana Evans",3,294.0,111.83745583038869,99.47916666666667,12.35828916372202,"{'Season': '2025', 'SeasonType': 'Regular Season', 'TeamId': '1611661319', 'Type': 'Team', '0Exactly3OnFloor': '1628932,1629498,1630389'}","{'Season': '2025', 'SeasonType': 'Regular Season', 'TeamId': '1611661319', 'Type': 'Opponent', '0Exactly3OnFloor': '1628932,1629498,1630389'}",
1611661319,2025,Regular Season,203833-1628932-1629498-1630389-1631019,"203833,1628932,1629498,1630389,1631019","Chelsea Gray, A'ja Wilson, Jackie Young, Dana Evans, NaLyssa Smith",3,"A'ja Wilson, Jackie Young, NaLyssa Smith",3,463.0,114.91525423728814,101.70068027210884,13.214573965179298,"{'Season': '2025', 'SeasonType': 'Regular Season', 'TeamId': '1611661319', 'Type': 'Team', '0Exactly3OnFloor': '1628932,1629498,1631019'}","{'Season': '2025', 'SeasonType': 'Regular Season', 'TeamId': '1611661319', 'Type': 'Opponent', '0Exactly3OnFloor': '1628932,1629498,1631019'}",
1611661319,2025,Regular Season,203833-1628932-1629498-1630389-1631019,"203833,1628932,1629498,1630389,1631019","Chelsea Gray, A'ja Wilson, Jackie Young, Dana Evans, NaLyssa Smith",3,"A'ja Wilson, Dana Evans, NaLyssa Smith",3,74.0,122.62773722627738,92.02898550724638,30.598751719031,"{'Season': '2025', 'SeasonType': 'Regular Season', 'TeamId': '1611661319', 'Type': 'Team', '0Exactly3OnFloor': '1628932,1630389,1631019'}","{'Season': '2025', 'SeasonType': 'Regular Season', 'TeamId': '1611661319', 'Type': 'Opponent', '0Exactly3OnFloor': '1628932,1630389,1631019'}",
1611661319,2025,Regular Season,203833-1628932-1629498-1630389-1631019,"203833,1628932,1629498,1630389,1631019","Chelsea Gray, A'ja Wilson, Jackie Young, Dana Evans, NaLyssa Smith",3,"Jackie Young, Dana Evans, NaLyssa Smith",3,73.0,130.0751879699248,99.24812030075188,30.82706766917292,"{'Season': '2025', 'SeasonType': 'Regular Season', 'TeamId': '1611661319', 'Type': 'Team', '0Exactly3OnFloor': '1629498,1630389,1631019'}","{'Season': '2025', 'SeasonType': 'Regular Season', 'TeamId': '1611661319', 'Type': 'Opponent', '0Exactly3OnFloor': '1629498,1630389,1631019'}",
1611661319,2025,Regular Season,203833-1628932-1629498-1630389-1631019,"203833,1628932,1629498,1630389,1631019","Chelsea Gray, A'ja Wilson, Jackie Young, Dana Evans, NaLyssa Smith",4,"Chelsea Gray, A'ja Wilson, Jackie Young, Dana Evans",4,136.0,115.0197628458498,103.7593984962406,11.26036434960919,"{'Season': '2025', 'SeasonType': 'Regular Season', 'TeamId': '1611661319', 'Type': 'Team', '0Exactly4OnFloor': '203833,1628932,1629498,1630389'}","{'Season': '2025', 'SeasonType': 'Regular Season', 'TeamId': '1611661319', 'Type': 'Opponent', '0Exactly4OnFloor': '203833,1628932,1629498,1630389'}",
1611661319,2025,Regular Season,203833-1628932-1629498-1630389-1631019,"203833,1628932,1629498,1630389,1631019","Chelsea Gray, A'ja Wilson, Jackie Young, Dana Evans, NaLyssa Smith",4,"Chelsea Gray, A'ja Wilson, Jackie Young, NaLyssa Smith",4,427.0,114.93268053855569,101.7220172201722,13.210663318383482,"{'Season': '2025', 'SeasonType': 'Regular Season', 'TeamId': '1611661319', 'Type': 'Team', '0Exactly4OnFloor': '203833,1628932,1629498,1631019'}","{'Season': '2025', 'SeasonType': 'Regular Season', 'TeamId': '1611661319', 'Type': 'Opponent', '0Exactly4OnFloor': '203833,1628932,1629498,1631019'}",
1611661319,2025,Regular Season,203833-1628932-1629498-1630389-1631019,"203833,1628932,1629498,1630389,1631019","Chelsea Gray, A'ja Wilson, Jackie Young, Dana Evans, NaLyssa Smith",4,"Chelsea Gray, A'ja Wilson, Dana Evans, NaLyssa Smith",4,32.0,128.0701754385965,101.78571428571429,26.2844611528822,"{'Season': '2025', 'SeasonType': 'Regular Season', 'TeamId': '1611661319', 'Type': 'Team', '0Exactly4OnFloor': '203833,1628932,1630389,1631019'}","{'Season': '2025', 'SeasonType': 'Regular Season', 'TeamId': '1611661319', 'Type': 'Opponent', '0Exactly4OnFloor': '203833,1628932,1630389,1631019'}",
1611661319,2025,Regular Season,203833-1628932-1629498-1630389-1631019,"203833,1628932,1629498,1630389,1631019","Chelsea Gray, A'ja Wilson, Jackie Young, Dana Evans, NaLyssa Smith",4,"Chelsea Gray, Jackie Young, Dana Evans, NaLyssa Smith",4,35.0,151.66666666666666,116.66666666666667,34.999999999999986,"{'Season': '2025', 'SeasonType': 'Regular Season', 'TeamId': '1611661319', 'Type': 'Team', '0Exactly4OnFloor': '203833,1629498,1630389,1631019'}","{'Season': '2025', 'SeasonType': 'Regular Season', 'TeamId': '1611661319', 'Type': 'Opponent', '0Exactly4OnFloor': '203833,1629498,1630389,1631019'}",
1611661319,2025,Regular Season,203833-1628932-1629498-1630389-1631019,"203833,1628932,1629498,1630389,1631019","Chelsea Gray, A'ja Wilson, Jackie Young, Dana Evans, NaLyssa Smith",4,"A'ja Wilson, Jackie Young, Dana Evans, NaLyssa Smith",4,52.0,132.6315789473684,101.04166666666667,31.58991228070174,"{'Season': '2025', 'SeasonType': 'Regular Season', 'TeamId': '1611661319', 'Type': 'Team', '0Exactly4OnFloor': '1628932,1629498,1630389,1631019'}","{'Season': '2025', 'SeasonType': 'Regular Season', 'TeamId': '1611661319', 'Type': 'Opponent', '0Exactly4OnFloor': '1628932,1629498,1630389,1631019'}",
1611661319,2025,Regular Season,203833-1628932-1629498-1630389-1642801,"203833,1628932,1629498,1630389,1642801","Chelsea Gray, A'ja Wilson, Jackie Young, Dana Evans, Aaliyah Nye",2,"Chelsea Gray, A'ja Wilson",2,1058.0,114.46480231436837,101.6859344894027,12.778867824965673,"{'Season': '2025', 'SeasonType': 'Regular Season', 'TeamId': '1611661319', 'Type': 'Team', '0Exactly2OnFloor': '203833,1628932'}","{'Season': '2025', 'SeasonType': 'Regular Season', 'TeamId': '1611661319', 'Type': 'Opponent', '0Exactly2OnFloor': '203833,1628932'}",
1611661319,2025,Regular Season,203833-1628932-1629498-1630389-1642801,"203833,1628932,1629498,1630389,1642801","Chelsea Gray, A'ja Wilson, Jackie Young, Dana Evans, Aaliyah Nye",2,"Chelsea Gray, Jackie Young",2,1119.0,113.09141019751952,102.0557332115121,11.035676986007417,"{'Season': '2025', 'SeasonType': 'Regular Season', 'TeamId': '1611661319', 'Type': 'Team', '0Exactly2OnFloor': '203833,1629498'}","{'Season': '2025', 'SeasonType': 'Regular Season', 'TeamId': '1611661319', 'Type': 'Opponent', '0Exactly2OnFloor': '203833,1629498'}",
1611661319,2025,Regular Season,203833-1628932-1629498-1630389-1642801,"203833,1628932,1629498,1630389,1642801","Chelsea Gray, A'ja Wilson, Jackie Young, Dana Evans, Aaliyah Nye",2,"Chelsea Gray, Dana Evans",2,398.0,108.63213811420982,109.93464052287581,-1.3025024086659869,"{'Season': '2025', 'SeasonType': 'Regular Season', 'TeamId': '1611661319', 'Type': 'Team', '0Exactly2OnFloor': '203833,1630389'}","{'Season': '2025', 'SeasonType': 'Regular Season', 'TeamId': '1611661319', 'Type': 'Opponent', '0Exactly2OnFloor': '203833,1630389'}",
1611661319,2025,Regular Season,203833-1628932-1629498-1630389-1642801,"203833,1628932,1629498,1630389,1642801","Chelsea Gray, A'ja Wilson, Jackie Young, Dana Evans, Aaliyah Nye",2,"Chelsea Gray, Aaliyah Nye",2,411.0,112.15880893300248,111.88986232790988,0.2689466050925944,"{'Season': '2025', 'SeasonType': 'Regular Season', 'TeamId': '1611661319', 'Type': 'Team', '0Exactly2OnFloor': '203833,1642801'}","{'Season': '2025', 'SeasonType': 'Regular Season', 'TeamId': '1611661319', 'Type': 'Opponent', '0Exactly2OnFloor': '203833,1642801'}",
1611661319,2025,Regular Season,203833-1628932-1629498-1630389-1642801,"203833,1628932,1629498,1630389,1642801","Chelsea Gray, A'ja Wilson, Jackie Young, Dana Evans, Aaliyah Nye",2,"A'ja Wilson, Jackie Young",2,1113.0,113.74712643678161,100.18348623853211,13.563640198249502,"{'Season': '2025', 'SeasonType': 'Regular Season', 'TeamId': '1611661319', 'Type': 'Team', '0Exactly2OnFloor': '1628932,1629498'}","{'Season': '2025', 'SeasonType': 'Regular Season', 'TeamId': '1611661319', 'Type': 'Opponent', '0Exactly2OnFloor': '1628932,1629498'}",
1611661319,2025,Regular Season,203833-1628932-1629498-1630389-1642801,"203833,1628932,1629498,1630389,1642801","Chelsea Gray, A'ja Wilson, Jackie Young, Dana Evans, Aaliyah Nye",2,"A'ja Wilson, Dana Evans",2,406.0,109.14866581956798,98.50560398505604,10.64306183451194,"{'Season': '2025', 'SeasonType': 'Regular Season', 'TeamId': '1611661319', 'Type': 'Team', '0Exactly2OnFloor': '1628932,1630389'}","{'Season': '2025', 'SeasonType': 'Regular Season', 'TeamId': '1611661319', 'Type': 'Opponent', '0Exactly2OnFloor': '1628932,1630389'}",
1611661319,2025,Regular Season,203833-1628932-1629498-1630389-1642801,"203833,1628932,1629498,1630389,1642801","Chelsea Gray, A'ja Wilson, Jackie Young, Dana Evans, Aaliyah Nye",2,"A'ja Wilson, Aaliyah Nye",2,333.0,110.63515509601181,97.91356184798808,12.721593248023737,"{'Season': '2025', 'SeasonType': 'Regular Season', 'TeamId': '1611661319', 'Type': 'Team', '0Exactly2OnFloor': '1628932,1642801'}","{'Season': '2025', 'SeasonType': 'Regular Season', 'TeamId': '1611661319', 'Type': 'Opponent', '0Exactly2OnFloor': '1628932,1642801'}",
1611661319,2025,Regular Season,203833-1628932-1629498-1630389-1642801,"203833,1628932,1629498,1630389,1642801","Chelsea Gray, A'ja Wilson, Jackie Young, Dana Evans, Aaliyah Nye",2,"Jackie Young, Dana Evans",2,398.0,106.1038961038961,101.42671854734111,4.6771775565549945,"{'Season': '2025', 'SeasonType': 'Regular Season', 'TeamId': '1611661319', 'Type': 'Team', '0Exactly2OnFloor': '1629498,1630389'}","{'Season': '2025', 'SeasonType': 'Regular Season', 'TeamId': '1611661319', 'Type': 'Opponent', '0Exactly2OnFloor': '1629498,1630389'}",
1611661319,2025,Regular Season,203833-1628932-1629498-1630389-1642801,"203833,1628932,1629498,1630389,1642801","Chelsea Gray, A'ja Wilson, Jackie Young, Dana Evans, Aaliyah Nye",2,"Jackie Young, Aaliyah Nye",2,323.0,112.46153846153847,98.26224328593997,14.199295175598493,"{'Season': '2025', 'SeasonType': 'Regular Season', 'TeamId': '1611661319', 'Type': 'Team', '0Exactly2OnFloor': '1629498,1642801'}","{'Season': '2025', 'SeasonType': 'Regular Season', 'TeamId': '1611661319', 'Type': 'Opponent', '0Exactly2OnFloor': '1629498,1642801'}",
1611661319,2025,Regular Season,203833-1628932-1629498-1630389-1642801,"203833,1628932,1629498,1630389,1642801","Chelsea Gray, A'ja Wilson, Jackie Young, Dana Evans, Aaliyah Nye",2,"Dana Evans, Aaliyah Nye",2,416.0,92.46913580246914,104.67980295566502,-12.210667153195885,"{'Season': '2025', 'SeasonType': 'Regular Season', 'TeamId': '1611661319', 'Type': 'Team', '0Exactly2OnFloor': '1630389,1642801'}","{'Season': '2025', 'SeasonType': 'Regular Season', 'TeamId': '1611661319', 'Type': 'Opponent', '0Exactly2OnFloor': '1630389,1642801'}",
1611661319,2025,Regular Season,203833-1628932-1629498-1630389-1642801,"203833,1628932,1629498,1630389,1642801","Chelsea Gray, A'ja Wilson, Jackie Young, Dana Evans, Aaliyah Nye",3,"Chelsea Gray, A'ja Wilson, Jackie Young",3,946.0,115.1219512195122,100.80993520518359,14.312016014328606,"{'Season': '2025', 'SeasonType': 'Regular Season', 'TeamId': '1611661319', 'Type': 'Team', '0Exactly3OnFloor': '203833,1628932,1629498'}","{'Season': '2025', 'SeasonType': 'Regular Season', 'TeamId': '1611661319', 'Type': 'Opponent', '0Exactly3OnFloor': '203833,1628932,1629498'}",
1611661319,2025,Regular Season,203833-1628932-1629498-1630389-1642801,"203833,1628932,1629498,1630389,1642801","Chelsea Gray, A'ja Wilson, Jackie Young, Dana Evans, Aaliyah Nye",3,"Chelsea Gray, A'ja Wilson, Dana Evans",3,223.0,112.47058823529412,102.5,9.970588235294116,"{'Season': '2025', 'SeasonType': 'Regular Season', 'TeamId': '1611661319', 'Type': 'Team', '0Exactly3OnFloor': '203833,1628932,1630389'}","{'Season': '2025', 'SeasonType': 'Regular Season', 'TeamId': '1611661319', 'Type': 'Opponent', '0Exactly3OnFloor': '203833,1628932,1630389'}",
1611661319,2025,Regular Season,203833-1628932-1629498-1630389-1642801,"203833,1628932,1629498,1630389,1642801","Chelsea Gray, A'ja Wilson, Jackie Young, Dana Evans, Aaliyah Nye",3,"Chelsea Gray, A'ja Wilson, Aaliyah Nye",3,249.0,115.74803149606299,101.80722891566265,13.940802580400344,"{'Season': '2025', 'SeasonType': 'Regular Season', 'TeamId': '1611661319', 'Type': 'Team', '0Exactly3OnFloor': '203833,1628932,1642801'}","{'Season': '2025', 'SeasonType': 'Regular Season', 'TeamId': '1611661319', 'Type': 'Opponent', '0Exactly3OnFloor': '203833,1628932,1642801'}",
1611661319,2025,Regular Season,203833-1628932-1629498-1630389-1642801,"203833,1628932,1629498,1630389,1642801","Chelsea Gray, A'ja Wilson, Jackie Young, Dana Evans, Aaliyah Nye",3,"Chelsea Gray, Jackie Young, Dana Evans",3,189.0,113.52112676056338,106.28415300546447,7.2369737550989015,"{'Season': '2025', 'SeasonType': 'Regular Season', 'TeamId': '1611661319', 'Type': 'Team', '0Exactly3OnFloor': '203833,1629498,1630389'}","{'Season': '2025', 'SeasonType': 'Regular Season', 'TeamId': '1611661319', 'Type': 'Opponent', '0Exactly3OnFloor': '203833,1629498,1630389'}",
1611661319,2025,Regular Season,203833-1628932-1629498-1630389-1642801,"203833,1628932,1629498,1630389,1642801","Chelsea Gray, A'ja Wilson, Jackie Young, Dana Evans, Aaliyah Nye",3,"Chelsea Gray, Jackie Young, Aaliyah Nye",3,231.0,119.95661605206074,102.44444444444444,17.512171607616295,"{'Season': '2025', 'SeasonType': 'Regular Season', 'TeamId': '1611661319', 'Type': 'Team', '0Exactly3OnFloor': '203833,1629498,1642801'}","{'Season': '2025', 'SeasonType': 'Regular Season', 'TeamId': '1611661319', 'Type': 'Opponent', '0Exactly3OnFloor': '203833,1629498,1642801'}",
1611661319,2025,Regular Season,203833-1628932-1629498-1630389-1642801,"203833,1628932,1629498,1630389,1642801","Chelsea Gray, A'ja Wilson, Jackie Young, Dana Evans, Aaliyah Nye",3,"Chelsea Gray, Dana Evans, Aaliyah Nye",3,163.0,99.00332225913621,121.03559870550161,-22.0322764463654,"{'Season': '2025', 'SeasonType': 'Regular Season', 'TeamId': '1611661319', 'Type': 'Team', '0Exactly3OnFloor': '203833,1630389,1642801'}","{'Season': '2025', 'SeasonType': 'Regular Season', 'TeamId': '1611661319', 'Type': 'Opponent', '0Exactly3OnFloor': '203833,1630389,1642801'}",
1611661319,2025,Regular Season,203833-1628932-1629498-1630389-1642801,"203833,1628932,1629498,1630389,1642801","Chelsea Gray, A'ja Wilson, Jackie Young, Dana Evans, Aaliyah Nye",3,"A'ja Wilson, Jackie Young, Dana Evans",3,294.0,111.83745583038869,99.47916666666667,12.35828916372202,"{'Season': '2025', 'SeasonType': 'Regular Season', 'TeamId': '1611661319', 'Type': 'Team', '0Exactly3OnFloor': '1628932,1629498,1630389'}","{'Season': '2025', 'SeasonType': 'Regular Season', 'TeamId': '1611661319', 'Type': 'Opponent', '0Exactly3OnFloor': '1628932,1629498,1630389'}",
1611661319,2025,Regular Season,203833-1628932-1629498-1630389-1642801,"203833,1628932,1629498,1630389,1642801","Chelsea Gray, A'ja Wilson, Jackie Young, Dana Evans, Aaliyah Nye",3,"A'ja Wilson, Jackie Young, Aaliyah Nye",3,231.0,113.34745762711864,94.38444924406048,18.963008383058167,"{'Season': '2025', 'SeasonType': 'Regular Season', 'TeamId': '1611661319', 'Type': 'Team', '0Exactly3OnFloor': '1628932,1629498,1642801'}","{'Season': '2025', 'SeasonType': 'Regular Season', 'TeamId': '1611661319', 'Type': 'Opponent', '0Exactly3OnFloor': '1628932,1629498,1642801'}",
1611661319,2025,Regular Season,203833-1628932-1629498-1630389-1642801,"203833,1628932,1629498,1630389,1642801","Chelsea Gray, A'ja Wilson, Jackie Young, Dana Evans, Aaliyah Nye",3,"A'ja Wilson, Dana Evans, Aaliyah Nye",3,139.0,100.72727272727273,92.65734265734265,8.06993006993008,"{'Season': '2025', 'SeasonType': 'Regular Season', 'TeamId': '1611661319', 'Type': 'Team', '0Exactly3OnFloor': '1628932,1630389,1642801'}","{'Season': '2025', 'SeasonType': 'Regular Season', 'TeamId': '1611661319', 'Type': 'Opponent', '0Exactly3OnFloor': '1628932,1630389,1642801'}",
1611661319,2025,Regular Season,203833-1628932-1629498-1630389-1642801,"203833,1628932,1629498,1630389,1642801","Chelsea Gray, A'ja Wilson, Jackie Young, Dana Evans, Aaliyah Nye",3,"Jackie Young, Dana Evans, Aaliyah Nye",3,111.0,95.04504504504504,93.57798165137615,1.4670633936688944,"{'Season': '2025', 'SeasonType': 'Regular Season', 'TeamId': '1611661319', 'Type': 'Team', '0Exactly3OnFloor': '1629498,1630389,1642801'}","{'Season': '2025', 'SeasonType': 'Regular Season', 'TeamId': '1611661319', 'Type': 'Opponent', '0Exactly3OnFloor': '1629498,1630389,1642801'}",
1611661319,2025,Regular Season,203833-1628932-1629498-1630389-1642801,"203833,1628932,1629498,1630389,1642801","Chelsea Gray, A'ja Wilson, Jackie Young, Dana Evans, Aaliyah Nye",4,"Chelsea Gray, A'ja Wilson, Jackie Young, Dana Evans",4,136.0,115.0197628458498,103.7593984962406,11.26036434960919,"{'Season': '2025', 'SeasonType': 'Regular Season', 'TeamId': '1611661319', 'Type': 'Team', '0Exactly4OnFloor': '203833,1628932,1629498,1630389'}","{'Season': '2025', 'SeasonType': 'Regular Season', 'TeamId': '1611661319', 'Type': 'Opponent', '0Exactly4OnFloor': '203833,1628932,1629498,1630389'}",
1611661319,2025,Regular Season,203833-1628932-1629498-1630389-1642801,"203833,1628932,1629498,1630389,1642801","Chelsea Gray, A'ja Wilson, Jackie Young, Dana Evans, Aaliyah Nye",4,"Chelsea Gray, A'ja Wilson, Jackie Young, Aaliyah Nye",4,172.0,117.32954545454545,96.20991253644316,21.119632918102297,"{'Season': '2025', 'SeasonType': 'Regular Season', 'TeamId': '1611661319', 'Type': 'Team', '0Exactly4OnFloor': '203833,1628932,1629498,1642801'}","{'Season': '2025', 'SeasonType': 'Regular Season', 'TeamId': '1611661319', 'Type': 'Opponent', '0Exactly4OnFloor': '203833,1628932,1629498,1642801'}",
1611661319,2025,Regular Season,203833-1628932-1629498-1630389-1642801,"203833,1628932,1629498,1630389,1642801","Chelsea Gray, A'ja Wilson, Jackie Young, Dana Evans, Aaliyah Nye",4,"Chelsea Gray, A'ja Wilson, Dana Evans, Aaliyah Nye",4,62.0,104.2016806722689,103.96825396825396,0.23342670401494559,"{'Season': '2025', 'SeasonType': 'Regular Season', 'TeamId': '1611661319', 'Type': 'Team', '0Exactly4OnFloor': '203833,1628932,1630389,1642801'}","{'Season': '2025', 'SeasonType': 'Regular Season', 'TeamId': '1611661319', 'Type': 'Opponent', '0Exactly4OnFloor': '203833,1628932,1630389,1642801'}",
1611661319,2025,Regular Season,203833-1628932-1629498-1630389-1642801,"203833,1628932,1629498,1630389,1642801","Chelsea Gray, A'ja Wilson, Jackie Young, Dana Evans, Aaliyah Nye",4,"Chelsea Gray, Jackie Young, Dana Evans, Aaliyah Nye",4,26.0,89.1304347826087,122.91666666666667,-33.78623188405797,"{'Season': '2025', 'SeasonType': 'Regular Season', 'TeamId': '1611661319', 'Type': 'Team', '0Exactly4OnFloor': '203833,1629498,1630389,1642801'}","{'Season': '2025', 'SeasonType': 'Regular Season', 'TeamId': '1611661319', 'Type': 'Opponent', '0Exactly4OnFloor': '203833,1629498,1630389,1642801'}",
1611661319,2025,Regular Season,203833-1628932-1629498-1630389-1642801,"203833,1628932,1629498,1630389,1642801","Chelsea Gray, A'ja Wilson, Jackie Young, Dana Evans, Aaliyah Nye",4,"A'ja Wilson, Jackie Young, Dana Evans, Aaliyah Nye",4,61.0,100.0,89.0625,10.9375,"{'Season': '2025', 'SeasonType': 'Regular Season', 'TeamId': '1611661319', 'Type': 'Team', '0Exactly4OnFloor': '1628932,1629498,1630389,1642801'}","{'Season': '2025', 'SeasonType': 'Regular Season', 'TeamId': '1611661319', 'Type': 'Opponent', '0Exactly4OnFloor': '1628932,1629498,1630389,1642801'}",
1611661319,2025,Regular Season,203833-204319-1628932-1629498-1631006,"203833,204319,1628932,1629498,1631006","Chelsea Gray, Jewell Loyd, A'ja Wilson, Jackie Young, Kierstan Bell",2,"Chelsea Gray, Jewell Loyd",2,992.0,111.33333333333333,105.1874678993323,6.145865434001024,"{'Season': '2025', 'SeasonType': 'Regular Season', 'TeamId': '1611661319', 'Type': 'Team', '0Exactly2OnFloor': '203833,204319'}","{'Season': '2025', 'SeasonType': 'Regular Season', 'TeamId': '1611661319', 'Type': 'Opponent', '0Exactly2OnFloor': '203833,204319'}",
1611661319,2025,Regular Season,203833-204319-1628932-1629498-1631006,"203833,204319,1628932,1629498,1631006","Chelsea Gray, Jewell Loyd, A'ja Wilson, Jackie Young, Kierstan Bell",2,"Chelsea Gray, A'ja Wilson",2,1058.0,114.46480231436837,101.6859344894027,12.778867824965673,"{'Season': '2025', 'SeasonType': 'Regular Season', 'TeamId': '1611661319', 'Type': 'Team', '0Exactly2OnFloor': '203833,1628932'}","{'Season': '2025', 'SeasonType': 'Regular Season', 'TeamId': '1611661319', 'Type': 'Opponent', '0Exactly2OnFloor': '203833,1628932'}",
1611661319,2025,Regular Season,203833-204319-1628932-1629498-1631006,"203833,204319,1628932,1629498,1631006","Chelsea Gray, Jewell Loyd, A'ja Wilson, Jackie Young, Kierstan Bell",2,"Chelsea Gray, Jackie Young",2,1119.0,113.09141019751952,102.0557332115121,11.035676986007417,"{'Season': '2025', 'SeasonType': 'Regular Season', 'TeamId': '1611661319', 'Type': 'Team', '0Exactly2OnFloor': '203833,1629498'}","{'Season': '2025', 'SeasonType': 'Regular Season', 'TeamId': '1611661319', 'Type': 'Opponent', '0Exactly2OnFloor': '203833,1629498'}",
1611661319,2025,Regular Season,203833-204319-1628932-1629498-1631006,"203833,204319,1628932,1629498,1631006","Chelsea Gray, Jewell Loyd, A'ja Wilson, Jackie Young, Kierstan Bell",2,"Chelsea Gray, Kierstan Bell",2,285.0,108.85608856088561,97.26277372262774,11.593314838257868,"{'Season': '2025', 'SeasonType': 'Regular Season', 'TeamId': '1611661319', 'Type': 'Team', '0Exactly2OnFloor': '203833,1631006'}","{'Season': '2025', 'SeasonType': 'Regular Season', 'TeamId': '1611661319', 'Type': 'Opponent', '0Exactly2OnFloor': '203833,1631006'}",
1611661319,2025,Regular Season,203833-204319-1628932-1629498-1631006,"203833,204319,1628932,1629498,1631006","Chelsea Gray, Jewell Loyd, A'ja Wilson, Jackie Young, Kierstan Bell",2,"Jewell Loyd, A'ja Wilson",2,879.0,113.80103507763083,102.07015526164463,11.7308798159862,"{'Season': '2025', 'SeasonType': 'Regular Season', 'TeamId': '1611661319', 'Type': 'Team', '0Exactly2OnFloor': '204319,1628932'}","{'Season': '2025', 'SeasonType': 'Regular Season', 'TeamId': '1611661319', 'Type': 'Opponent', '0Exactly2OnFloor': '204319,1628932'}",
1611661319,2025,Regular Season,203833-204319-1628932-1629498-1631006,"203833,204319,1628932,1629498,1631006","Chelsea Gray, Jewell Loyd, A'ja Wilson, Jackie Young, Kierstan Bell",2,"Jewell Loyd, Jackie Young",2,945.0,111.63166397415186,102.63724434876211,8.994419625389753,"{'Season': '2025', 'SeasonType': 'Regular Season', 'TeamId': '1611661319', 'Type': 'Team', '0Exactly2OnFloor': '204319,1629498'}","{'Season': '2025', 'SeasonType': 'Regular Season', 'TeamId': '1611661319', 'Type': 'Opponent', '0Exactly2OnFloor': '204319,1629498'}",
1611661319,2025,Regular Season,203833-204319-1628932-1629498-1631006,"203833,204319,1628932,1629498,1631006","Chelsea Gray, Jewell Loyd, A'ja Wilson, Jackie Young, Kierstan Bell",2,"Jewell Loyd, Kierstan Bell",2,157.0,100.64724919093851,95.48387096774194,5.163378223196574,"{'Season': '2025', 'SeasonType': 'Regular Season', 'TeamId': '1611661319', 'Type': 'Team', '0Exactly2OnFloor': '204319,1631006'}","{'Season': '2025', 'SeasonType': 'Regular Season', 'TeamId': '1611661319', 'Type': 'Opponent', '0Exactly2OnFloor': '204319,1631006'}",
1611661319,2025,Regular Season,203833-204319-1628932-1629498-1631006,"203833,204319,1628932,1629498,1631006","Chelsea Gray, Jewell Loyd, A'ja Wilson, Jackie Young, Kierstan Bell",2,"A'ja Wilson, Jackie Young",2,1113.0,113.74712643678161,100.18348623853211,13.563640198249502,"{'Season': '2025', 'SeasonType': 'Regular Season', 'TeamId': '1611661319', 'Type': 'Team', '0Exactly2OnFloor': '1628932,1629498'}","{'Season': '2025', 'SeasonType': 'Regular Season', 'TeamId': '1611661319', 'Type': 'Opponent', '0Exactly2OnFloor': '1628932,1629498'}",
1611661319,2025,Regular Season,203833-204319-1628932-1629498-1631006,"203833,204319,1628932,1629498,1631006","Chelsea Gray, Jewell Loyd, A'ja Wilson, Jackie Young, Kierstan Bell",2,"A'ja Wilson, Kierstan Bell",2,253.0,110.52631578947368,94.3089430894309,16.217372700042787,"{'Season': '2025', 'SeasonType': 'Regular Season', 'TeamId': '1611661319', 'Type': 'Team', '0Exactly2OnFloor': '1628932,1631006'}","{'Season': '2025', 'SeasonType': 'Regular Season', 'TeamId': '1611661319', 'Type': 'Opponent', '0Exactly2OnFloor': '1628932,1631006'}",
1611661319,2025,Regular Season,203833-204319-1628932-1629498-1631006,"203833,204319,1628932,1629498,1631006","Chelsea Gray, Jewell Loyd, A'ja Wilson, Jackie Young, Kierstan Bell",2,"Jackie Young, Kierstan Bell",2,292.0,104.60176991150442,94.86725663716814,9.73451327433628,"{'Season': '2025', 'SeasonType': 'Regular Season', 'TeamId': '1611661319', 'Type': 'Team', '0Exactly2OnFloor': '1629498,1631006'}","{'Season': '2025', 'SeasonType': 'Regular Season', 'TeamId': '1611661319', 'Type': 'Opponent', '0Exactly2OnFloor': '1629498,1631006'}",
1611661319,2025,Regular Season,203833-204319-1628932-1629498-1631006,"203833,204319,1628932,1629498,1631006","Chelsea Gray, Jewell Loyd, A'ja Wilson, Jackie Young, Kierstan Bell",3,"Chelsea Gray, Jewell Loyd, A'ja Wilson",3,747.0,115.11470985155195,103.18860244233379,11.926107409218162,"{'Season': '2025', 'SeasonType': 'Regular Season', 'TeamId': '1611661319', 'Type': 'Team', '0Exactly3OnFloor': '203833,204319,1628932'}","{'Season': '2025', 'SeasonType': 'Regular Season', 'TeamId': '1611661319', 'Type': 'Opponent', '0Exactly3OnFloor': '203833,204319,1628932'}",
1611661319,2025,Regular Season,203833-204319-1628932-1629498-1631006,"203833,204319,1628932,1629498,1631006","Chelsea Gray, Jewell Loyd, A'ja Wilson, Jackie Young, Kierstan Bell",3,"Chelsea Gray, Jewell Loyd, Jackie Young",3,808.0,113.59345500314663,102.64150943396227,10.95194556918436,"{'Season': '2025', 'SeasonType': 'Regular Season', 'TeamId': '1611661319', 'Type': 'Team', '0Exactly3OnFloor': '203833,204319,1629498'}","{'Season': '2025', 'SeasonType': 'Regular Season', 'TeamId': '1611661319', 'Type': 'Opponent', '0Exactly3OnFloor': '203833,204319,1629498'}",
1611661319,2025,Regular Season,203833-204319-1628932-1629498-1631006,"203833,204319,1628932,1629498,1631006","Chelsea Gray, Jewell Loyd, A'ja Wilson, Jackie Young, Kierstan Bell",3,"Chelsea Gray, Jewell Loyd, Kierstan Bell",3,102.0,109.04522613065326,94.5,14.545226130653262,"{'Season': '2025', 'SeasonType': 'Regular Season', 'TeamId': '1611661319', 'Type': 'Team', '0Exactly3OnFloor': '203833,204319,1631006'}","{'Season': '2025', 'SeasonType': 'Regular Season', 'TeamId': '1611661319', 'Type': 'Opponent', '0Exactly3OnFloor': '203833,204319,1631006'}",
1611661319,2025,Regular Season,203833-204319-1628932-1629498-1631006,"203833,204319,1628932,1629498,1631006","Chelsea Gray, Jewell Loyd, A'ja Wilson, Jackie Young, Kierstan Bell",3,"Chelsea Gray, A'ja Wilson, Jackie Young",3,946.0,115.1219512195122,100.80993520518359,14.312016014328606,"{'Season': '2025', 'SeasonType': 'Regular Season', 'TeamId': '1611661319', 'Type': 'Team', '0Exactly3OnFloor': '203833,1628932,1629498'}","{'Season': '2025', 'SeasonType': 'Regular Season', 'TeamId': '1611661319', 'Type': 'Opponent', '0Exactly3OnFloor': '203833,1628932,1629498'}",
1611661319,2025,Regular Season,203833-204319-1628932-1629498-1631006,"203833,204319,1628932,1629498,1631006","Chelsea Gray, Jewell Loyd, A'ja Wilson, Jackie Young, Kierstan Bell",3,"Chelsea Gray, A'ja Wilson, Kierstan Bell",3,210.0,113.93034825870647,97.77777777777777,16.152570480928702,"{'Season': '2025', 'SeasonType': 'Regular Season', 'TeamId': '1611661319', 'Type': 'Team', '0Exactly3OnFloor': '203833,1628932,1631006'}","{'Season': '2025', 'SeasonType': 'Regular Season', 'TeamId': '1611661319', 'Type': 'Opponent', '0Exactly3OnFloor': '203833,1628932,1631006'}",
1611661319,2025,Regular Season,203833-204319-1628932-1629498-1631006,"203833,204319,1628932,1629498,1631006","Chelsea Gray, Jewell Loyd, A'ja Wilson, Jackie Young, Kierstan Bell",3,"Chelsea Gray, Jackie Young, Kierstan Bell",3,237.0,107.12694877505568,97.59299781181619,9.53395096323949,"{'Season': '2025', 'SeasonType': 'Regular Season', 'TeamId': '1611661319', 'Type': 'Team', '0Exactly3OnFloor': '203833,1629498,1631006'}","{'Season': '2025', 'SeasonType': 'Regular Season', 'TeamId': '1611661319', 'Type': 'Opponent', '0Exactly3OnFloor': '203833,1629498,1631006'}",
1611661319,2025,Regular Season,203833-204319-1628932-1629498-1631006,"203833,204319,1628932,1629498,1631006","Chelsea Gray, Jewell Loyd, A'ja Wilson, Jackie Young, Kierstan Bell",3,"Jewell Loyd, A'ja Wilson, Jackie Young",3,782.0,115.34460338101431,101.49350649350649,13.851096887507822,"{'Season': '2025', 'SeasonType': 'Regular Season', 'TeamId': '1611661319', 'Type': 'Team', '0Exactly3OnFloor': '204319,1628932,1629498'}","{'Season': '2025', 'SeasonType': 'Regular Season', 'TeamId': '1611661319', 'Type': 'Opponent', '0Exactly3OnFloor': '204319,1628932,1629498'}",
1611661319,2025,Regular Season,203833-204319-1628932-1629498-1631006,"203833,204319,1628932,1629498,1631006","Chelsea Gray, Jewell Loyd, A'ja Wilson, Jackie Young, Kierstan Bell",3,"Jewell Loyd, A'ja Wilson, Kierstan Bell",3,65.0,120.30075187969925,85.49618320610686,34.804568673592385,"{'Season': '2025', 'SeasonType': 'Regular Season', 'TeamId': '1611661319', 'Type': 'Team', '0Exactly3OnFloor': '204319,1628932,1631006'}","{'Season': '2025', 'SeasonType': 'Regular Season', 'TeamId': '1611661319', 'Type': 'Opponent', '0Exactly3OnFloor': '204319,1628932,1631006'}",
1611661319,2025,Regular Season,203833-204319-1628932-1629498-1631006,"203833,204319,1628932,1629498,1631006","Chelsea Gray, Jewell Loyd, A'ja Wilson, Jackie Young, Kierstan Bell",3,"Jewell Loyd, Jackie Young, Kierstan Bell",3,98.0,103.66492146596859,94.81865284974093,8.846268616227661,"{'Season': '2025', 'SeasonType': 'Regular Season', 'TeamId': '1611661319', 'Type': 'Team', '0Exactly3OnFloor': '204319,1629498,1631006'}","{'Season': '2025', 'SeasonType': 'Regular Season', 'TeamId': '1611661319', 'Type': 'Opponent', '0Exactly3OnFloor': '204319,1629498,1631006'}",
1611661319,2025,Regular Season,203833-204319-1628932-1629498-1631006,"203833,204319,1628932,1629498,1631006","Chelsea Gray, Jewell Loyd, A'ja Wilson, Jackie Young, Kierstan Bell",3,"A'ja Wilson, Jackie Young, Kierstan Bell",3,236.0,111.86813186813187,94.72527472527473,17.14285714285714,"{'Season': '2025', 'SeasonType': 'Regular Season', 'TeamId': '1611661319', 'Type': 'Team', '0Exactly3OnFloor': '1628932,1629498,1631006'}","{'Season': '2025', 'SeasonType': 'Regular Season', 'TeamId': '1611661319', 'Type': 'Opponent', '0Exactly3OnFloor': '1628932,1629498,1631006'}",
1611661319,2025,Regular Season,203833-204319-1628932-1629498-1631006,"203833,204319,1628932,1629498,1631006","Chelsea Gray, Jewell Loyd, A'ja Wilson, Jackie Young, Kierstan Bell",4,"Chelsea Gray, Jewell Loyd, A'ja Wilson, Jackie Young",4,670.0,116.36363636363636,101.67046317388004,14.693173189756322,"{'Season': '2025', 'SeasonType': 'Regular Season', 'TeamId': '1611661319', 'Type': 'Team', '0Exactly4OnFloor': '203833,204319,1628932,1629498'}","{'Season': '2025', 'SeasonType': 'Regular Season', 'TeamId': '1611661319', 'Type': 'Opponent', '0Exactly4OnFloor': '203833,204319,1628932,1629498'}",
1611661319,2025,Regular Season,203833-204319-1628932-1629498-1631006,"203833,204319,1628932,1629498,1631006","Chelsea Gray, Jewell Loyd, A'ja Wilson, Jackie Young, Kierstan Bell",4,"Chelsea Gray, Jewell Loyd, A'ja Wilson, Kierstan Bell",4,47.0,125.53191489361703,95.6989247311828,29.83299016243423,"{'Season': '2025', 'SeasonType': 'Regular Season', 'TeamId': '1611661319', 'Type': 'Team', '0Exactly4OnFloor': '203833,204319,1628932,1631006'}","{'Season': '2025', 'SeasonType': 'Regular Season', 'TeamId': '1611661319', 'Type': 'Opponent', '0Exactly4OnFloor': '203833,204319,1628932,1631006'}",
1611661319,2025,Regular Season,203833-204319-1628932-1629498-1631006,"203833,204319,1628932,1629498,1631006","Chelsea Gray, Jewell Loyd, A'ja Wilson, Jackie Young, Kierstan Bell",4,"Chelsea Gray, Jewell Loyd, Jackie Young, Kierstan Bell",4,71.0,107.3529411764706,100.0,7.352941176470594,"{'Season': '2025', 'SeasonType': 'Regular Season', 'TeamId': '1611661319', 'Type': 'Team', '0Exactly4OnFloor': '203833,204319,1629498,1631006'}","{'Season': '2025', 'SeasonType': 'Regular Season', 'TeamId': '1611661319', 'Type': 'Opponent', '0Exactly4OnFloor': '203833,204319,1629498,1631006'}",
1611661319,2025,Regular Season,203833-204319-1628932-1629498-1631006,"203833,204319,1628932,1629498,1631006","Chelsea Gray, Jewell Loyd, A'ja Wilson, Jackie Young, Kierstan Bell",4,"Chelsea Gray, A'ja Wilson, Jackie Young, Kierstan Bell",4,198.0,113.63636363636364,99.73614775725594,13.900215879107705,"{'Season': '2025', 'SeasonType': 'Regular Season', 'TeamId': '1611661319', 'Type': 'Team', '0Exactly4OnFloor': '203833,1628932,1629498,1631006'}","{'Season': '2025', 'SeasonType': 'Regular Season', 'TeamId': '1611661319', 'Type': 'Opponent', '0Exactly4OnFloor': '203833,1628932,1629498,1631006'}",
1611661319,2025,Regular Season,203833-204319-1628932-1629498-1631006,"203833,204319,1628932,1629498,1631006","Chelsea Gray, Jewell Loyd, A'ja Wilson, Jackie Young, Kierstan Bell",4,"Jewell Loyd, A'ja Wilson, Jackie Young, Kierstan Bell",4,60.0,127.35042735042735,89.83050847457628,37.519918875851076,"{'Season': '2025', 'SeasonType': 'Regular Season', 'TeamId': '1611661319', 'Type': 'Team', '0Exactly4OnFloor': '204319,1628932,1629498,1631006'}","{'Season': '2025', 'SeasonType': 'Regular Season', 'TeamId': '1611661319', 'Type': 'Opponent', '0Exactly4OnFloor': '204319,1628932,1629498,1631006'}",
1611661319,2025,Regular Season,203833-204319-1628932-1629498-1631019,"203833,204319,1628932,1629498,1631019","Chelsea Gray, Jewell Loyd, A'ja Wilson, Jackie Young, NaLyssa Smith",2,"Chelsea Gray, Jewell Loyd",2,992.0,111.33333333333333,105.1874678993323,6.145865434001024,"{'Season': '2025', 'SeasonType': 'Regular Season', 'TeamId': '1611661319', 'Type': 'Team', '0Exactly2OnFloor': '203833,204319'}","{'Season': '2025', 'SeasonType': 'Regular Season', 'TeamId': '1611661319', 'Type': 'Opponent', '0Exactly2OnFloor': '203833,204319'}",
1611661319,2025,Regular Season,203833-204319-1628932-1629498-1631019,"203833,204319,1628932,1629498,1631019","Chelsea Gray, Jewell Loyd, A'ja Wilson, Jackie Young, NaLyssa Smith",2,"Chelsea Gray, A'ja Wilson",2,1058.0,114.46480231436837,101.6859344894027,12.778867824965673,"{'Season': '2025', 'SeasonType': 'Regular Season', 'TeamId': '1611661319', 'Type': 'Team', '0Exactly2OnFloor': '203833,1628932'}","{'Season': '2025', 'SeasonType': 'Regular Season', 'TeamId': '1611661319', 'Type': 'Opponent', '0Exactly2OnFloor': '203833,1628932'}",
1611661319,2025,Regular Season,203833-204319-1628932-1629498-1631019,"203833,204319,1628932,1629498,1631019","Chelsea Gray, Jewell Loyd, A'ja Wilson, Jackie Young, NaLyssa Smith",2,"Chelsea Gray, Jackie Young",2,1119.0,113.09141019751952,102.0557332115121,11.035676986007417,"{'Season': '2025', 'SeasonType': 'Regular Season', 'TeamId': '1611661319', 'Type': 'Team', '0Exactly2OnFloor': '203833,1629498'}","{'Season': '2025', 'SeasonType': 'Regular Season', 'TeamId': '1611661319', 'Type': 'Opponent', '0Exactly2OnFloor': '203833,1629498'}",
1611661319,2025,Regular Season,203833-204319-1628932-1629498-1631019,"203833,204319,1628932,1629498,1631019","Chelsea Gray, Jewell Loyd, A'ja Wilson, Jackie Young, NaLyssa Smith",2,"Chelsea Gray, NaLyssa Smith",2,524.0,113.160518444666,104.72361809045226,8.436900354213734,"{'Season': '2025', 'SeasonType': 'Regular Season', 'TeamId': '1611661319', 'Type': 'Team', '0Exactly2OnFloor': '203833,1631019'}","{'Season': '2025', 'SeasonType': 'Regular Season', 'TeamId': '1611661319', 'Type': 'Opponent', '0Exactly2OnFloor': '203833,1631019'}",
1611661319,2025,Regular Season,203833-204319-1628932-1629498-1631019,"203833,204319,1628932,1629498,1631019","Chelsea Gray, Jewell Loyd, A'ja Wilson, Jackie Young, NaLyssa Smith",2,"Jewell Loyd, A'ja Wilson",2,879.0,113.80103507763083,102.07015526164463,11.7308798159862,"{'Season': '2025', 'SeasonType': 'Regular Season', 'TeamId': '1611661319', 'Type': 'Team', '0Exactly2OnFloor': '204319,1628932'}","{'Season': '2025', 'SeasonType': 'Regular Season', 'TeamId': '1611661319', 'Type': 'Opponent', '0Exactly2OnFloor': '204319,1628932'}",
1611661319,2025,Regular Season,203833-204319-1628932-1629498-1631019,"203833,204319,1628932,1629498,1631019","Chelsea Gray, Jewell Loyd, A'ja Wilson, Jackie Young, NaLyssa Smith",2,"Jewell Loyd, Jackie Young",2,945.0,111.63166397415186,102.63724434876211,8.994419625389753,"{'Season': '2025', 'SeasonType': 'Regular Season', 'TeamId': '1611661319', 'Type': 'Team', '0Exactly2OnFloor': '204319,1629498'}","{'Season': '2025', 'SeasonType': 'Regular Season', 'TeamId': '1611661319', 'Type': 'Opponent', '0Exactly2OnFloor': '204319,1629498'}",
1611661319,2025,Regular Season,203833-204319-1628932-1629498-1631019,"203833,204319,1628932,1629498,1631019","Chelsea Gray, Jewell Loyd, A'ja Wilson, Jackie Young, NaLyssa Smith",2,"Jewell Loyd, NaLyssa Smith",2,370.0,111.03351955307262,101.40646976090014,9.627049792172485,"{'Season': '2025', 'SeasonType': 'Regular Season', 'TeamId': '1611661319', 'Type': 'Team', '0Exactly2OnFloor': '204319,1631019'}","{'Season': '2025', 'SeasonType': 'Regular Season', 'TeamId': '1611661319', 'Type': 'Opponent', '0Exactly2OnFloor': '204319,1631019'}",
1611661319,2025,Regular Season,203833-204319-1628932-1629498-1631019,"203833,204319,1628932,1629498,1631019","Chelsea Gray, Jewell Loyd, A'ja Wilson, Jackie Young, NaLyssa Smith",2,"A'ja Wilson, Jackie Young",2,1113.0,113.74712643678161,100.18348623853211,13.563640198249502,"{'Season': '2025', 'SeasonType': 'Regular Season', 'TeamId': '1611661319', 'Type': 'Team', '0Exactly2OnFloor': '1628932,1629498'}","{'Season': '2025', 'SeasonType': 'Regular Season', 'TeamId': '1611661319', 'Type': 'Opponent', '0Exactly2OnFloor': '1628932,1629498'}",
1611661319,2025,Regular Season,203833-204319-1628932-1629498-1631019,"203833,204319,1628932,1629498,1631019","Chelsea Gray, Jewell Loyd, A'ja Wilson, Jackie Young, NaLyssa Smith",2,"A'ja Wilson, NaLyssa Smith",2,496.0,114.18067226890756,101.48148148148148,12.699190787426076,"{'Season': '2025', 'SeasonType': 'Regular Season', 'TeamId': '1611661319', 'Type': 'Team', '0Exactly2OnFloor': '1628932,1631019'}","{'Season': '2025', 'SeasonType': 'Regular Season', 'TeamId': '1611661319', 'Type': 'Opponent', '0Exactly2OnFloor': '1628932,1631019'}",
1611661319,2025,Regular Season,203833-204319-1628932-1629498-1631019,"203833,204319,1628932,1629498,1631019","Chelsea Gray, Jewell Loyd, A'ja Wilson, Jackie Young, NaLyssa Smith",2,"Jackie Young, NaLyssa Smith",2,512.0,113.0879345603272,102.14943705220061,10.938497508126588,"{'Season': '2025', 'SeasonType': 'Regular Season', 'TeamId': '1611661319', 'Type': 'Team', '0Exactly2OnFloor': '1629498,1631019'}","{'Season': '2025', 'SeasonType': 'Regular Season', 'TeamId': '1611661319', 'Type': 'Opponent', '0Exactly2OnFloor': '1629498,1631019'}",
1611661319,2025,Regular Season,203833-204319-1628932-1629498-1631019,"203833,204319,1628932,1629498,1631019","Chelsea Gray, Jewell Loyd, A'ja Wilson, Jackie Young, NaLyssa Smith",3,"Chelsea Gray, Jewell Loyd, A'ja Wilson",3,747.0,115.11470985155195,103.18860244233379,11.926107409218162,"{'Season': '2025', 'SeasonType': 'Regular Season', 'TeamId': '1611661319', 'Type': 'Team', '0Exactly3OnFloor': '203833,204319,1628932'}","{'Season': '2025', 'SeasonType': 'Regular Season', 'TeamId': '1611661319', 'Type': 'Opponent', '0Exactly3OnFloor': '203833,204319,1628932'}",
1611661319,2025,Regular Season,203833-204319-1628932-1629498-1631019,"203833,204319,1628932,1629498,1631019","Chelsea Gray, Jewell Loyd, A'ja Wilson, Jackie Young, NaLyssa Smith",3,"Chelsea Gray, Jewell Loyd, Jackie Young",3,808.0,113.59345500314663,102.64150943396227,10.95194556918436,"{'Season': '2025', 'SeasonType': 'Regular Season', 'TeamId': '1611661319', 'Type': 'Team', '0Exactly3OnFloor': '203833,204319,1629498'}","{'Season': '2025', 'SeasonType': 'Regular Season', 'TeamId': '1611661319', 'Type': 'Opponent', '0Exactly3OnFloor': '203833,204319,1629498'}",
1611661319,2025,Regular Season,203833-204319-1628932-1629498-1631019,"203833,204319,1628932,1629498,1631019","Chelsea Gray, Jewell Loyd, A'ja Wilson, Jackie Young, NaLyssa Smith",3,"Chelsea Gray, Jewell Loyd, NaLyssa Smith",3,309.0,113.12292358803987,104.5608108108108,8.56211277722906,"{'Season': '2025', 'SeasonType': 'Regular Season', 'TeamId': '1611661319', 'Type': 'Team', '0Exactly3OnFloor': '203833,204319,1631019'}","{'Season': '2025', 'SeasonType': 'Regular Season', 'TeamId': '1611661319', 'Type': 'Opponent', '0Exactly3OnFloor': '203833,204319,1631019'}",
1611661319,2025,Regular Season,203833-204319-1628932-1629498-1631019,"203833,204319,1628932,1629498,1631019","Chelsea Gray, Jewell Loyd, A'ja Wilson, Jackie Young, NaLyssa Smith",3,"Chelsea Gray, A'ja Wilson, Jackie Young",3,946.0,115.1219512195122,100.80993520518359,14.312016014328606,"{'Season': '2025', 'SeasonType': 'Regular Season', 'TeamId': '1611661319', 'Type': 'Team', '0Exactly3OnFloor': '203833,1628932,1629498'}","{'Season': '2025', 'SeasonType': 'Regular Season', 'TeamId': '1611661319', 'Type': 'Opponent', '0Exactly3OnFloor': '203833,1628932,1629498'}",
1611661319,2025,Regular Season,203833-204319-1628932-1629498-1631019,"203833,204319,1628932,1629498,1631019","Chelsea Gray, Jewell Loyd, A'ja Wilson, Jackie Young, NaLyssa Smith",3,"Chelsea Gray, A'ja Wilson, NaLyssa Smith",3,449.0,114.38515081206496,102.46478873239437,11.920362079670596,"{'Season': '2025', 'SeasonType': 'Regular Season', 'TeamId': '1611661319', 'Type': 'Team', '0Exactly3OnFloor': '203833,1628932,1631019'}","{'Season': '2025', 'SeasonType': 'Regular Season', 'TeamId': '1611661319', 'Type': 'Opponent', '0Exactly3OnFloor': '203833,1628932,1631019'}",
1611661319,2025,Regular Season,203833-204319-1628932-1629498-1631019,"203833,204319,1628932,1629498,1631019","Chelsea Gray, Jewell Loyd, A'ja Wilson, Jackie Young, NaLyssa Smith",3,"Chelsea Gray, Jackie Young, NaLyssa Smith",3,468.0,113.74301675977654,103.02351623740202,10.719500522374517,"{'Season': '2025', 'SeasonType': 'Regular Season', 'TeamId': '1611661319', 'Type': 'Team', '0Exactly3OnFloor': '203833,1629498,1631019'}","{'Season': '2025', 'SeasonType': 'Regular Season', 'TeamId': '1611661319', 'Type': 'Opponent', '0Exactly3OnFloor': '203833,1629498,1631019'}",
1611661319,2025,Regular Season,203833-204319-1628932-1629498-1631019,"203833,204319,1628932,1629498,1631019","Chelsea Gray, Jewell Loyd, A'ja Wilson, Jackie Young, NaLyssa Smith",3,"Jewell Loyd, A'ja Wilson, Jackie Young",3,782.0,115.34460338101431,101.49350649350649,13.851096887507822,"{'Season': '2025', 'SeasonType': 'Regular Season', 'TeamId': '1611661319', 'Type': 'Team', '0Exactly3OnFloor': '204319,1628932,1629498'}","{'Season': '2025', 'SeasonType': 'Regular Season', 'TeamId': '1611661319', 'Type': 'Opponent', '0Exactly3OnFloor': '204319,1628932,1629498'}",
1611661319,2025,Regular Season,203833-204319-1628932-1629498-1631019,"203833,204319,1628932,1629498,1631019","Chelsea Gray, Jewell Loyd, A'ja Wilson, Jackie Young, NaLyssa Smith",3,"Jewell Loyd, A'ja Wilson, NaLyssa Smith",3,286.0,114.69534050179212,100.72727272727273,13.968067774519383,"{'Season': '2025', 'SeasonType': 'Regular Season', 'TeamId': '1611661319', 'Type': 'Team', '0Exactly3OnFloor': '204319,1628932,1631019'}","{'Season': '2025', 'SeasonType': 'Regular Season', 'TeamId': '1611661319', 'Type': 'Opponent', '0Exactly3OnFloor': '204319,1628932,1631019'}",
1611661319,2025,Regular Season,203833-204319-1628932-1629498-1631019,"203833,204319,1628932,1629498,1631019","Chelsea Gray, Jewell Loyd, A'ja Wilson, Jackie Young, NaLyssa Smith",3,"Jewell Loyd, Jackie Young, NaLyssa Smith",3,298.0,113.08089500860585,102.08333333333333,10.997561675272522,"{'Season': '2025', 'SeasonType': 'Regular Season', 'TeamId': '1611661319', 'Type': 'Team', '0Exactly3OnFloor': '204319,1629498,1631019'}","{'Season': '2025', 'SeasonType': 'Regular Season', 'TeamId': '1611661319', 'Type': 'Opponent', '0Exactly3OnFloor': '204319,1629498,1631019'}",
1611661319,2025,Regular Season,203833-204319-1628932-1629498-1631019,"203833,204319,1628932,1629498,1631019","Chelsea Gray, Jewell Loyd, A'ja Wilson, Jackie Young, NaLyssa Smith",3,"A'ja Wilson, Jackie Young, NaLyssa Smith",3,463.0,114.91525423728814,101.70068027210884,13.214573965179298,"{'Season': '2025', 'SeasonType': 'Regular Season', 'TeamId': '1611661319', 'Type': 'Team', '0Exactly3OnFloor': '1628932,1629498,1631019'}","{'Season': '2025', 'SeasonType': 'Regular Season', 'TeamId': '1611661319', 'Type': 'Opponent', '0Exactly3OnFloor': '1628932,1629498,1631019'}",
1611661319,2025,Regular Season,203833-204319-1628932-1629498-1631019,"203833,204319,1628932,1629498,1631019","Chelsea Gray, Jewell Loyd, A'ja Wilson, Jackie Young, NaLyssa Smith",4,"Chelsea Gray, Jewell Loyd, A'ja Wilson, Jackie Young",4,670.0,116.36363636363636,101.67046317388004,14.693173189756322,"{'Season': '2025', 'SeasonType': 'Regular Season', 'TeamId': '1611661319', 'Type': 'Team', '0Exactly4OnFloor': '203833,204319,1628932,1629498'}","{'Season': '2025', 'SeasonType': 'Regular Season', 'TeamId': '1611661319', 'Type': 'Opponent', '0Exactly4OnFloor': '203833,204319,1628932,1629498'}",
1611661319,2025,Regular Season,203833-204319-1628932-1629498-1631019,"203833,204319,1628932,1629498,1631019","Chelsea Gray, Jewell Loyd, A'ja Wilson, Jackie Young, NaLyssa Smith",4,"Chelsea Gray, Jewell Loyd, A'ja Wilson, NaLyssa Smith",4,247.0,114.98973305954826,102.32067510548524,12.669057954063021,"{'Season': '2025', 'SeasonType': 'Regular Season', 'TeamId': '1611661319', 'Type': 'Team', '0Exactly4OnFloor': '203833,204319,1628932,1631019'}","{'Season': '2025', 'SeasonType': 'Regular Season', 'TeamId': '1611661319', 'Type': 'Opponent', '0Exactly4OnFloor': '203833,204319,1628932,1631019'}",
1611661319,2025,Regular Season,203833-204319-1628932-1629498-1631019,"203833,204319,1628932,1629498,1631019","Chelsea Gray, Jewell Loyd, A'ja Wilson, Jackie Young, NaLyssa Smith",4,"Chelsea Gray, Jewell Loyd, Jackie Young, NaLyssa Smith",4,265.0,114.01151631477927,103.11890838206628,10.892607932712991,"{'Season': '2025', 'SeasonType': 'Regular Season', 'TeamId': '1611661319', 'Type': 'Team', '0Exactly4OnFloor': '203833,204319,1629498,1631019'}","{'Season': '2025', 'SeasonType': 'Regular Season', 'TeamId': '1611661319', 'Type': 'Opponent', '0Exactly4OnFloor': '203833,204319,1629498,1631019'}",
1611661319,2025,Regular Season,203833-204319-1628932-1629498-1631019,"203833,204319,1628932,1629498,1631019","Chelsea Gray, Jewell Loyd, A'ja Wilson, Jackie Young, NaLyssa Smith",4,"Chelsea Gray, A'ja Wilson, Jackie Young, NaLyssa Smith",4,427.0,114.93268053855569,101.7220172201722,13.210663318383482,"{'Season': '2025', 'SeasonType': 'Regular Season', 'TeamId': '1611661319', 'Type': 'Team', '0Exactly4OnFloor': '203833,1628932,1629498,1631019'}","{'Season': '2025', 'SeasonType': 'Regular Season', 'TeamId': '1611661319', 'Type': 'Opponent', '0Exactly4OnFloor': '203833,1628932,1629498,1631019'}",
1611661319,2025,Regular Season,203833-204319-1628932-1629498-1631019,"203833,204319,1628932,1629498,1631019","Chelsea Gray, Jewell Loyd, A'ja Wilson, Jackie Young, NaLyssa Smith",4,"Jewell Loyd, A'ja Wilson, Jackie Young, NaLyssa Smith",4,260.0,117.35700197238658,102.0,15.357001972386584,"{'Season': '2025', 'SeasonType': 'Regular Season', 'TeamId': '1611661319', 'Type': 'Team', '0Exactly4OnFloor': '204319,1628932,1629498,1631019'}","{'Season': '2025', 'SeasonType': 'Regular Season', 'TeamId': '1611661319', 'Type': 'Opponent', '0Exactly4OnFloor': '204319,1628932,1629498,1631019'}",
1611661319,2025,Regular Season,203833-204319-1628932-1629498-1642801,"203833,204319,1628932,1629498,1642801","Chelsea Gray, Jewell Loyd, A'ja Wilson, Jackie Young, Aaliyah Nye",2,"Chelsea Gray, Jewell Loyd",2,992.0,111.33333333333333,105.1874678993323,6.145865434001024,"{'Season': '2025', 'SeasonType': 'Regular Season', 'TeamId': '1611661319', 'Type': 'Team', '0Exactly2OnFloor': '203833,204319'}","{'Season': '2025', 'SeasonType': 'Regular Season', 'TeamId': '1611661319', 'Type': 'Opponent', '0Exactly2OnFloor': '203833,204319'}",
1611661319,2025,Regular Season,203833-204319-1628932-1629498-1642801,"203833,204319,1628932,1629498,1642801","Chelsea Gray, Jewell Loyd, A'ja Wilson, Jackie Young, Aaliyah Nye",2,"Chelsea Gray, A'ja Wilson",2,1058.0,114.46480231436837,101.6859344894027,12.778867824965673,"{'Season': '2025', 'SeasonType': 'Regular Season', 'TeamId': '1611661319', 'Type': 'Team', '0Exactly2OnFloor': '203833,1628932'}","{'Season': '2025', 'SeasonType': 'Regular Season', 'TeamId': '1611661319', 'Type': 'Opponent', '0Exactly2OnFloor': '203833,1628932'}",
1611661319,2025,Regular Season,203833-204319-1628932-1629498-1642801,"203833,204319,1628932,1629498,1642801","Chelsea Gray, Jewell Loyd, A'ja Wilson, Jackie Young, Aaliyah Nye",2,"Chelsea Gray, Jackie Young",2,1119.0,113.09141019751952,102.0557332115121,11.035676986007417,"{'Season': '2025', 'SeasonType': 'Regular Season', 'TeamId': '1611661319', 'Type': 'Team', '0Exactly2OnFloor': '203833,1629498'}","{'Season': '2025', 'SeasonType': 'Regular Season', 'TeamId': '1611661319', 'Type': 'Opponent', '0Exactly2OnFloor': '203833,1629498'}",
1611661319,2025,Regular Season,203833-204319-1628932-1629498-1642801,"203833,204319,1628932,1629498,1642801","Chelsea Gray, Jewell Loyd, A'ja Wilson, Jackie Young, Aaliyah Nye",2,"Chelsea Gray, Aaliyah Nye",2,411.0,112.15880893300248,111.88986232790988,0.2689466050925944,"{'Season': '2025', 'SeasonType': 'Regular Season', 'TeamId': '1611661319', 'Type': 'Team', '0Exactly2OnFloor': '203833,1642801'}","{'Season': '2025', 'SeasonType': 'Regular Season', 'TeamId': '1611661319', 'Type': 'Opponent', '0Exactly2OnFloor': '203833,1642801'}",
1611661319,2025,Regular Season,203833-204319-1628932-1629498-1642801,"203833,204319,1628932,1629498,1642801","Chelsea Gray, Jewell Loyd, A'ja Wilson, Jackie Young, Aaliyah Nye",2,"Jewell Loyd, A'ja Wilson",2,879.0,113.80103507763083,102.07015526164463,11.7308798159862,"{'Season': '2025', 'SeasonType': 'Regular Season', 'TeamId': '1611661319', 'Type': 'Team', '0Exactly2OnFloor': '204319,1628932'}","{'Season': '2025', 'SeasonType': 'Regular Season', 'TeamId': '1611661319', 'Type': 'Opponent', '0Exactly2OnFloor': '204319,1628932'}",
1611661319,2025,Regular Season,203833-204319-1628932-1629498-1642801,"203833,204319,1628932,1629498,1642801","Chelsea Gray, Jewell Loyd, A'ja Wilson, Jackie Young, Aaliyah Nye",2,"Jewell Loyd, Jackie Young",2,945.0,111.63166397415186,102.63724434876211,8.994419625389753,"{'Season': '2025', 'SeasonType': 'Regular Season', 'TeamId': '1611661319', 'Type': 'Team', '0Exactly2OnFloor': '204319,1629498'}","{'Season': '2025', 'SeasonType': 'Regular Season', 'TeamId': '1611661319', 'Type': 'Opponent', '0Exactly2OnFloor': '204319,1629498'}",
1611661319,2025,Regular Season,203833-204319-1628932-1629498-1642801,"203833,204319,1628932,1629498,1642801","Chelsea Gray, Jewell Loyd, A'ja Wilson, Jackie Young, Aaliyah Nye",2,"Jewell Loyd, Aaliyah Nye",2,372.0,107.95148247978436,108.80758807588076,-0.8561055960963984,"{'Season': '2025', 'SeasonType': 'Regular Season', 'TeamId': '1611661319', 'Type': 'Team', '0Exactly2OnFloor': '204319,1642801'}","{'Season': '2025', 'SeasonType': 'Regular Season', 'TeamId': '1611661319', 'Type': 'Opponent', '0Exactly2OnFloor': '204319,1642801'}",
1611661319,2025,Regular Season,203833-204319-1628932-1629498-1642801,"203833,204319,1628932,1629498,1642801","Chelsea Gray, Jewell Loyd, A'ja Wilson, Jackie Young, Aaliyah Nye",2,"A'ja Wilson, Jackie Young",2,1113.0,113.74712643678161,100.18348623853211,13.563640198249502,"{'Season': '2025', 'SeasonType': 'Regular Season', 'TeamId': '1611661319', 'Type': 'Team', '0Exactly2OnFloor': '1628932,1629498'}","{'Season': '2025', 'SeasonType': 'Regular Season', 'TeamId': '1611661319', 'Type': 'Opponent', '0Exactly2OnFloor': '1628932,1629498'}",
1611661319,2025,Regular Season,203833-204319-1628932-1629498-1642801,"203833,204319,1628932,1629498,1642801","Chelsea Gray, Jewell Loyd, A'ja Wilson, Jackie Young, Aaliyah Nye",2,"A'ja Wilson, Aaliyah Nye",2,333.0,110.63515509601181,97.91356184798808,12.721593248023737,"{'Season': '2025', 'SeasonType': 'Regular Season', 'TeamId': '1611661319', 'Type': 'Team', '0Exactly2OnFloor': '1628932,1642801'}","{'Season': '2025', 'SeasonType': 'Regular Season', 'TeamId': '1611661319', 'Type': 'Opponent', '0Exactly2OnFloor': '1628932,1642801'}",
1611661319,2025,Regular Season,203833-204319-1628932-1629498-1642801,"203833,204319,1628932,1629498,1642801","Chelsea Gray, Jewell Loyd, A'ja Wilson, Jackie Young, Aaliyah Nye",2,"Jackie Young, Aaliyah Nye",2,323.0,112.46153846153847,98.26224328593997,14.199295175598493,"{'Season': '2025', 'SeasonType': 'Regular Season', 'TeamId': '1611661319', 'Type': 'Team', '0Exactly2OnFloor': '1629498,1642801'}","{'Season': '2025', 'SeasonType': 'Regular Season', 'TeamId': '1611661319', 'Type': 'Opponent', '0Exactly2OnFloor': '1629498,1642801'}",
